Movie Tracker,,,,,,,,,,,,,,,,,,,,,,,,,,,,,,,,,,,
2019,First month,,Getting in the groove,,,First rewatches,,,BR2049 and Endgame,,,The Tarantino Experience,,,Lotta free time...,,,"Back home, held back on movies",,,"Preparing for VT, Bilal's first R",,,Focusing on school,,,Joker with the lads,,,"Back into it, Thxgiving break",,,"Movies w/the lads, 1st semester ends",,
January,Date,Rating,February,Date,Rating,March,Date,Rating,April,Date,Rating,May,Date,Rating,June,Date,Rating,July,Date,Rating,August,Date,Rating,September,Date,Rating,October,Date,Rating,November,Date,Rating,December,Date,Rating
Arrival,1,5,Velvet Buzzsaw,2,2.5,Birdman,1,4.5,Se7en,2,4.5,Requiem for a Dream,4,4,Going in Style,1,2,ANIMA,1,4,Seven Samurai,1,4.5,IT,1,3.5,The Informant!,3,3.5,Blind Shaft,5,3,Phantom Thread,1,4.5
Moana,1,3,Eighth Grade,4,3,Shaft,3,2.5,Mad Max: Fury Road,3,4.5,Dunkirk,5,4.5,Horrible Bosses,2,4,Annihilation,1,3,Strangers on a Train,1,3.5,Rush Hour,27,4.5,Good Time,5,4.5,Midsommar,17,3.5,Nightcrawler,7,5
Prisoners,2,5,Gone Baby Gone,5,4,Gone Girl,6,4.5,Sicario,5,4.5,Psycho,8,4,Mulholland Drive,3,3.5,Rise of the Planet of the Apes,1,3.5,Incendies,2,4.5,,,,Superbad,6,4,Hostiles,18,3.5,Se7en,8,5
"Crazy, Stupid, Love",2,3.5,Moon,5,4,Life,7,3.5,The Death of Stalin,6,4,Demolition,9,3.5,Fargo,4,4.5,Aliens,2,4.5,Avengers: Endgame,2,5,,,,Sin Nombre,7,3,Ex Machina,19,4.5,Star Wars: The Phantom Menace,9,2
The Ballad of Buster Scruggs,3,3.5,Zodiac,8,4.5,American Psycho,10,4,Blade Runner,13,4.5,District 9,9,3.5,The Blues Brothers,5,4,Independence Day,2,1.5,12 Angry Men,3,5,,,,Taxi Driver,8,4,Prisoners,22,5,The Lighthouse,9,4
12 Years a Slave,4,4.5,Darkest Hour,10,3.5,In Bruges,12,3,Iron Man,15,5,John Wick,10,4,Interstellar,5,5,Roma,3,4,Jackie Brown,4,3.5,,,,Joker,11,4,Star Wars: The Force Awakens,23,4,Parasite,16,5
The Grand Budapest Hotel,9,4.5,Room,10,4.5,Transformers,13,3.5,Iron Man 2,15,3.5,The Big Short,13,5,There Will Be Blood,6,5,Mission Impossible: Ghost Protocol,4,4.5,The Favourite,4,4,,,,Airplane!,12,4,Nocturnal Animals,24,4,Harry Potter and the Philosopher's Stone,17,3.5
Django Unchained,10,4,Solo: A Star Wars Story,13,3,Batman Begins,16,4,The Avengers,16,4.5,John Wick: Chapter 2,13,4,Kill Bill: Vol. 1,6,4.5,"Three Billboards, outside Ebbing, Missouri",4,4,Boogie Nights,6,4.5,,,,Ip Man,20,4,Rounders,24,3.5,Star Wars: Attack of the Clones,18,2.5
Shaun of the Dead,13,3.5,Bumblebee,17,3.5,The Dark Knight,17,5,Blade Runner 2049,16,5,"Hail, Caesar!",14,3.5,The Silence of the Lambs,7,4.5,Collateral,4,4,Snatch,7,3.5,,,,The Laundromat,21,2,Moonlight,25,4,Ad Astra,19,4
Hot Fuzz,14,3.5,The Edge of Seventeen,17,5,The Dark Knight Rises,21,5,Captain America: The Winter Soldier,17,4,Inglorious Basterds,15,5,Horrible Bosses 2,7,3.5,Spider-Man: Far From Home,6,4,Captain Marvel,10,3.5,,,,Dolomite is My Name,31,4,One Flew Over the Cuckoo's Nest,25,4,Star Wars: Revenge of the Sith,19,3
"O Brother, Where Art Thou?",15,3.5,The World's End,20,3.5,Eternal Sunshine of the Spotless Mind,23,3,Jackie,18,2.5,Pulp Fiction,22,5,BlacKkKlansman,8,5,The Lion King (2019),19,1.5,Snowpiercer,10,4.5,,,,,,,Incredibles 2,26,4,Manchester by the Sea,19,4
The Green Mile,17,4,,,,Avengers: Infinity War,25,5,The Godfather,18,4.5,"Synecdoche, New York",22,3,Bad Times at the El Royale,9,3.5,The Third Man,25,4,Logan Lucky,11,4,,,,,,,You Were Never Really Here,26,3.5,Ford v. Ferrari,23,4.5
Enemy,23,4.5,,,,Reservoir Dogs,25,4,No Country for Old Men,19,5,Shark Tale,28,2.5,State of Play,10,3,,,,Inglorious Basterds,15,5,,,,,,,The Irishman,27,4,Inside Llewyn Davis,24,4
Children of Men,29,4,,,,Transformers: Revenge of the Fallen,26,2.5,The Prestige,22,4.5,Booksmart,29,3.5,A Star is Born,10,4.5,,,,Once Upon A Time...in Hollywood,18,4,,,,,,,The Game,28,4.5,Uncut Gems,25,4
Mandy,30,1.5,,,,Casino Royale,27,4,Avengers: Age of Ultron,23,3,Now You See Me,29,2.5,The Thing,11,4,,,,,,,,,,,,,Popstar: Never Stop Stopping,29,3.5,Hell or High Water,25,4.5
,,,,,,Whiplash,30,4.5,La La Land,23,5,Zombieland,30,4,Paddington 2,11,4,,,,,,,,,,,,,Fight Club,29,4,Star Wars: The Rise of Skywalker,27,3
,,,,,,Rain Man,30,4,Captain America: Civil War,24,4,Edge of Tomorrow,31,4,The Girl with the Dragon Tattoo,11,4.5,,,,,,,,,,,,,Star Wars: The Last Jedi,30,3,The Master,30,4
,,,,,,,,,Thor: Ragnarok,25,4,The Perfection,31,3.5,The Terminator,12,3.5,,,,,,,,,,,,,,,,The Meyerowitz Stories (New and Selected),30,4.5
,,,,,,,,,Avengers: Infinity War,26,5,,,,Terminator 2: Judgement Day,13,4.5,,,,,,,,,,,,,,,,Ocean's Eleven,31,5
,,,,,,,,,Avengers: Endgame,26,5,,,,The Wolf of Wall Street,14,4.5,,,,,,,,,,,,,,,,Marriage Story,31,5
Average films/month in Germany | Total,13.58,258,,,,,,,Vice,27,3.5,,,,Nightcrawler,14,5,,,,,,,,,,,,,,,,Arrival,31,5
Average films/month in Loudoun | Total,9.50,399,,,,,,,,,,,,,Batman Begins,16,4,,,,,,,,,,,,,,,,,,
Average films/month in Blacksburg | Total,5.00,175,,,,,,,,,,,,,The Revenant,17,4.5,,,,,,,,,,,,,,,,,,
Overall Statistics,,, 2019 Statistics,,,,,,,,,,,,The Shining,19,4.5,,,,,,,,,,,,,,,,,,
Highest Monthly Average Rating,#NAME?,#NAME?,Highest Monthly Average Rating,#NAME?,,,,,,,,,,,The Usual Suspects,20,3.5,,,,,,,,,,,,,,,,,,
Most Films Watched in a Month,50,July '24,Most Films Watched in a Month,42,,,,,,,,,,,The Nice Guys,21,5,,,,,,,,,,,,,,,,,,
Highest Yearly Average Rating,33.63,2025,Average Overall Rating for 2019,4.00,,,,,,,,,,,Wind River,21,4.5,,,,,,,,,,,,,,,,,,
Highest Movies Per Month,16.67,2019,Average Movies Per Month,16.67,,,,,,,,,,,Hereditary,22,5,,,,,,,,,,,,,,,,,,
Average Movies/Month,25.08,,Total Unique Films Watched in 2019,190,,,,,,,,,,,Toy Story,22,5,,,,,,,,,,,,,,,,,,
Average Movies/Year,129.00,,Total Films Watched in 2019,200,,,,,,,,,,,The Dark Knight,23,5,,,,,,,,,,,,,,,,,,
Percentage of Films Rewatched,27%,,5 Star Ratings This Year,30,,,,,,,,,,,Star Wars,24,5,,,,,,,,,,,,,,,,,,
Average Yearly Rating,4.70,,Movies Released This Year,22,,,,,,,,,,,Looper,24,3.5,,,,,,,,,,,,,,,,,,
Total Unique Films Watched,793,,Must Watches Completed from This Year,51.3%,,,,,,,,,,,Kill Bill Vol. 2,25,4,,,,,,,,,,,,,,,,,,
Total Films Watched,903,,Movies rewatched for the first time on LB,33,,,,,,,,,,,Spider-Man: Into the Spider-Verse,26,5,,,,,,,,,,,,,,,,,,
Total 5 Star Ratings,99,,Movies Watched More Than Once in 2019,10,,,,,,,,,,,What We Do In The Shadows,26,3.5,,,,,,,,,,,,,,,,,,
Total Movie Watched released in the Current Year,142,,Total Rewatches in 2019,43,,,,,,,,,,,Alien,27,4,,,,,,,,,,,,,,,,,,
Total Must Watches Completed,25.2%,,,,,,,,,,,,,,Memento,27,5,,,,,,,,,,,,,,,,,,
Total Movies rewatched for the first time on LB,136,,,,,,,,,,,,,,Inception,28,5,,,,,,,,,,,,,,,,,,
Total Movies Rewatched Multiple Times,110,,,,,,,,,,,,,,Shaft (2019),28,2,,,,,,,,,,,,,,,,,,
Total Rewatches,246,,,,,,,,,,,,,,Punch-Drunk Love,29,4.5,,,,,,,,,,,,,,,,,,
,,,,,,,,,,,,,,,The Dark Knight Rises,30,5,,,,,,,,,,,,,,,,,,
,,,,,,,,,,,,,,,Inherent Vice,30,3.5,,,,,,,,,,,,,,,,,,
,,,,,,,,,,,,,,,,,,,,,,,,,,,,,,,,,,,
,,,,,,,,,,,,,,,,,,,,,,,,,,,,,,,,,,,
,,,,,,,,,,,,,,,,,,,,,,,,,,,,,,,,,,,
,,,,,,,,,,,,,,,,,,,,,,,,,,,,,,,,,,,
,,,,,,,,,,15,,,9,,,,,,,,,,,,,,,,,,,,,,
,,,,,,,,,,16,,,13,,,,,,,,,1,,,,,,,,,24,,,,
,,,,#NAME?,,,,,,18,,,22,,,,,,,,,2,,,,,,,,,25,,,,
,1,,,#NAME?,,,25,,,23,,,29,,,,,,,,,4,,,,,,,,,26,,,19,
15,2,3.83,11,#NAME?,3.73,17,30,3.91,21,26,4.29,18,31,3.83,42,11,4.23,12,1,3.54,14,10,4.21,2,,4.00,10,,3.70,17,29,3.85,21,31,4.10
2020,A New Year,,New Movie Month,,,Corona Gang & Extended Spring Break,,,I don't know ,,,Back to DE,,,Rewatch/franchise gang wya,,,Catch Up on the Classics,4,,A Mix of Old and New,,,Rewatch gang with the boys,,,Rewatch gang with the boys but spooky,,,MCU,,,MCU Cont. + Grinding till the end of the yr,,
January,Date,Rating,February,Date,Rating,March,Date,Rating,April,Date,Rating,May,Date,Rating,June,Date,Rating,July,Date,Rating,August,Date,Rating,September,Date,Rating,October,Date,Rating,November,Date,Rating,December,Date,Rating
The Matrix,1,4,Citizen Kane,1,4,"Lock, Stock, and Two Smoking Barrels",4,4,Harry Potter and the Chamber of Secrets,10,3,The Town,5,4,Dead Poets Society,1,3.5,The Godfather,1,5,Palm Springs,1,4,Green Room,12,4,Prisoners,3,5,Iron Man,15,5,Thor: The Dark World,2,2.5
The Other Guys,1,3.5,Oldboy,1,5,Blade Runner 2049,6,5,Rock n' Rolla,17,3.5,Inside Man,6,2.5,Harry Potter and the Half-Blood Prince,1,4,Jaws,4,4.5,The Pink Panther,2,4,The Prestige,19,4.5,Nocturnal Animals,6,4.5,Iron Man 2,20,3.5,Captain America: The Winter Soldier,3,4
"South Park: Bigger, Longer, Uncut",2,4,Toy Story 4,2,5,The Nice Guys,6,5,Batman Begins,25,4,mother!,8,4.5,Transformers: Dark of the Moon,2,3.5,The Godfather Part II,5,4.5,Boyz n the Hood,2,4.5,Hereditary,19,5,Borat,31,3.5,Thor,24,2.5,Guardians of the Galaxy,7,4
Game Night,2,4,What Did Jack Do?,2,3,Vertigo,7,4,,,,Blazing Saddles,8,3.5,Transformers: Age of Extinction,2,0.5,The Last Dance,8,4.5,Mean Streets,5,3.5,Kiss Kiss Bang Bang,23,5,,,,Captain America: The First Avenger,27,3,Avengers: Age of Ultron,11,3
John Mulaney and the Sack Lunch Bunch,3,3.5,The Two Popes,3,4.5,Blade Runner,7,4.5,,,,Harry Potter and the Prisoner of Azkaban,11,4.5,The Day After Tomorrow,2,3.5,Halloween,10,4,High Anxiety,8,2.5,Enemy,26,4.5,,,,The Avengers,29,4.5,Ant-Man,16,3.5
Old School,3,2,How To Train Your Dragon: The Hidden World,4,4,Her,8,4.5,,,,Argo,14,4.5,Harry Potter and the Deathly Hallows Part 1,3,4.5,Young Frankenstein,10,3,The Conversation,8,4.5,,,,,,,Iron Man 3,30,3,Sky High,21,1.5
Drive,3,5,Jojo Rabbit,5,4,The Assassination of Jesse James by the Coward Robert Ford,10,4,,,,The Big Short,15,5,Harry Potter and the Deathly Hallows Part 2,3,4,"The Good, the Bad and the Ugly",11,4.5,Hard Eight,11,3,,,,,,,,,,Hamilton,21,4
Call Me By Your Name,4,3,Little Women,6,4.5,Clue,10,4,,,,Men in Black: International,15,1.5,Heat,3,4,Spirited Away,16,5,"Planes, Trains, and Automobiles",22,3,,,,,,,,,,The Nice Guys,23,5
Rush Hour 2,5,4,A Beautiful Day in the Neighborhood,7,3.5,The Talented Mr. Ripley,10,4,,,,Napoleon Dynamite,17,4,The Fellowship of the Ring,4,3.5,Donnie Darko,18,2.5,Murder on the Orient Express (1979),24,3.5,,,,,,,,,,Captain America: Civil War,24,4
Bad Boys,8,3,Spectre,8,2.5,Pirates of the Caribbean: Curse of the Black Pearl,11,3.5,,,,Def Comedy Jam 25,18,3.5,Just Mercy,7,4,North by Northwest,19,5,Oldboy,29,5,,,,,,,,,,Doctor Strange,27,3.5
Hustlers,8,4,Memories of Murder,11,4.5,John Wick: Chapter 3 - Parabellum,12,3.5,,,,Green Room,20,4,The Two Towers,8,4,Monty Python and the Holy Grail,20,4.5,,,,,,,,,,,,,,,
Ocean's Twelve,9,4.5,Batman: Mask of the Phantasm,16,3.5,Shine,13,4,,,,Harry Potter and the Goblet of Fire,28,4,Leave No Trace,8,3.5,Touch of Evil,20,3.5,,,,,,,,,,,,,,,
First Reformed,10,3.5,Sherlock Jr.,17,4,Sicario,13,4.5,,,,Harry Potter and the Order of the Phoenix,31,3.5,Blue Streak,8,2.5,Chinatown,22,4.5,,,,,,,,,,,,,,,
Get Hard,11,2,Speed Racer,22,2,Pokemon: Detective Pikachu,14,2.5,,,,The Dark Knight,31,5,The Return of the King,9,4.5,High Noon,26,4,,,,,,,,,,,,,,,
Knives Out,12,4.5,Dial M for Murder,23,4.5,Rear Window,14,4.5,,,,,,,The Adventures of Tintin,9,4.5,Raging Bull,30,4,,,,,,,,,,,,,,,
Bad Boys II,13,2,Good Boys,29,2.5,Kiss Kiss Bang Bang,15,5,,,,,,,Blade Runner 2049,10,5,Apocalypse Now,31,3.5,,,,,,,,,,,,,,,
Blade Runner 2049,14,5,,,,The Hustle,18,1,,,,,,,The Dark Knight Rises,10,5,Dr. Strangelove,31,5,,,,,,,,,,,,,,,
Dunkirk,14,5,,,,Avengers: Infinity War,19,5,,,,,,,World War Z,11,4,,,,,,,,,,,,,,,,,,
2001: A Space Odyssey,15,4.5,,,,Insomnia,21,4,,,,,,,Infernal Affairs,12,3.5,,,,,,,,,,,,,,,,,,
10 Cloverfield Lane,16,4.5,,,,Burning,23,4,,,,,,,3:10 to Yuma,12,4,,,,,,,,,,,,,,,,,,
Ocean's Thirteen,16,3.5,,,,The Gentleman,24,4,,,,,,,Layer Cake,13,4,,,,,,,,,,,,,,,,,,
L.A. Confidential,16,4,,,,,,,,,,,,,Dawn of the Planet of the Apes,13,4,,,,,,,,,,,,,,,,,,
Friday,17,4.5,,,,,,,,,,,,,War for the Planet of the Apes,14,5,,,,,,,,,,,,,,,,,,
1917,17,5,,,,,,,,,,,,,Transformers: The Last Knight,15,0.5,,,,,,,,,,,,,,,,,,
Quantum of Solace,18,2,,,,,,,,,,,,,The Way Back,16,3.5,,,,,,,,,,,,,,,,,,
Bad Boys for Life,18,3.5,,,,,,,,,,,,,Tropic Thunder,16,4.5,,,,,,,,,,,,,,,,,,
Skyfall,23,4.5,,,,,,,,,,,,,Unforgiven,17,4,,,,,,,,,,,,,,,,,,
Pain and Glory,27,4,,,,,,,,,,,,,The Fugitive,17,3.5,,,,,,,,,,,,,,,,,,
The Departed,28,4.5,,,,,,,,,,,,,Man on Fire,18,1,,,,,,,,,,,,,,,,,,
Klaus,30,4,,,,,,,,,,,,,Escape from New York,18,4.5,,,,,,,,,,,,,,,,,,
Ready or Not,31,3.5,,,,,,,,,,,,,A Fistful of Dollars,19,3.5,,,,,,,,,,,,,,,,,,
The Empire Strikes Back,31,4.5,,,,,,,,,,,,,Iron Man 3,19,3.5,,,,,,,,,,,,,,,,,,
,,,,,,,,,,,,,,,The Hunt for Red October,19,4.5,,,,,,,,,,,,,,,,,,
2020 Statistics,,,,,,,,,,,,,,,Raiders of the Lost Ark,22,4.5,,,,,,,,,,,,,,,,,,
Highest Monthly Average Rating,#NAME?,,,,,,,,,,,,,,Sicario,25,4.5,,,,,,,,,,,,,,,,,,
Most Films Watched in a Month,41,,,,,,,,,,,,,,For a Few Dollars More,25,4,,,,,,,,,,,,,,,,,,
Average Overall Rating for 2020,3.87,,,,,,,,,,,,,,Indiana Jones and the Temple of Doom,25,5,,,,,,,,,,,,,,,,,,
Average Movies Per Month,14.83,,,,,,,,,,,,,,The Handmaiden,27,4.5,,,,,,,,,,,,,,,,,,
Total Unique Films Watched in 2020,148,,,,,,,,,,,,,,A Quiet Place,28,4,,,,,,,,,,,,,,,,,,
Total Films Watched in 2020,178,,,,,,,,,,,,,,Pirates of the Caribbean: Dead Man's Chest,30,3,,,,,,,,,,,,,,,,,,
5 Star Ratings This Year,12,,,,,,,,,,,,,,Widows,30,3.5,,,,,,,,,,,,,,,,,,
Movies Released This Year,7,,,,,,,,,,,,,,,,,,,,,,,,,,,,,,,,,,
Must Watches Completed from This Year,31.1%,,,,,,,,,,,,,,,,,,,,,,,,,,,,,,,,,,
Movies rewatched for the first time on LB,37,,,,,,,,,,,,,,,,,,,,,,,,,,,,,,,,,,
Movies Watched More Than Once in 2020,5,,,,,,,,,,,,,,,,,,,,,,,,,,,,,,,,,,
Movies Rewatched on LB in Previous Years,25,,,,,,,,,,,,,,,,,,,,,,,,,,,,,,,,,,
Total Rewatches in 2020,67,,,,,,,,,,,,,,,2,,,,,,,,,,,,,,,,,,,
Total Unique Movies Watched on Letterboxd,338,,,,,,,,,,,,,,,3,,,,,,,,,,,,,,,,,,,
Total Movies Recorded on Letterboxd,378,,,,,,,,,,,,,,,8,,,,,,,,,,,,,,,,,,,
,3,,,1,,,,,,,,,8,,,19,,,10,,,,,,,,,,,,,,,,
32,16,3.84,16,2,3.81,21,10,4.02,3,,3.50,14,15,3.86,41,25,3.78,17,20,4.21,10,2,3.75,5,19,4.60,3,,4.33,6,,3.58,10,21,3.50
2021,Waiting for TENET,,Completing some long overdues,,,DC and Marvel,,,Checking off some Must Watches,,,Variety hour,31,,Back to theaters,,,2021 szn,31,,More Must Watches and 2021,8,,Spoder-Man,,,DUNE!!!,,,Variety Hour 2: Electric Boogaloo,,,2021 EOY grind,,
January,Date,Rating,February,Date,Rating,March,Date,Rating,April,Date,Rating,May,Date,Rating,June,Date,Rating,July,Date,Rating,August,Date,Rating,September,Date,Rating,October,Date,Rating,November,Date,Rating,December,Date,Rating
TENET,18,4.5,Sicario,6,4.5,Avengers: Infinity War,4,5,Justice League: War,8,3,Jerry Maguire,1,4,I Care A Lot,8,3.5,Panic Room,9,3.5,Sanju,1,4,Shang-Chi and the Legend of the Ten Rings,8,3.5,Titane,1,1.5,First Man,1,4,Hotel Rwanda,1,4
Interstellar,20,5,Basic Instinct,18,3,War Dogs,6,3.5,Promising Young Woman,22,4.5,The Comeback Trail,9,3,Bridge of Spies,8,4,Fear Street: 1994,11,3,Double Indemnity,1,4,Spider-Man 3,12,2,The Incredible Hulk,5,2,The Lobster,2,4.5,The Game,10,4.5
Mystic River,24,3.5,Slumdog Millionaire,20,4,mother!,7,4.5,Dragged Across Concrete,26,3.5,Judas and the Black Messiah,9,4.5,Rush Hour,9,4.5,Black Widow,12,3,Upgrade ,4,3.5,The Amazing Spider-Man,12,3,Burn After Reading,10,4,The Harder They Fall,3,4,The Last Duel,11,4
Shutter Island,25,4,No Country for Old Men,20,5,Ant-Man and the Wasp,12,3,The Hateful Eight,27,5,Kangaroo Jack,11,1.5,A Quiet Place Part II,13,4,Solaris,13,1.5,Rope ,4,4,The Amazing Spider-Man 2,16,2,BlacKkKlansman,15,5,The Guilty,4,3.5,Spencer,12,4.5
Soul,31,4.5,The Tree of Life,21,1.5,Captain Marvel,20,3,,,,The Place Beyond the Pines,12,4.5,The Italian Job (1969),14,3,Fear Street: 1978,15,3,The Suicide Squad,9,4,Reminiscence,16,3,DUNE,22,5,Mad Max,4,3,Spider-Man Homecoming,17,4.5
,,,Guardians of the Galaxy Vol. 2,22,3,Avengers: Endgame,22,5,,,,The Aviator,12,4,Gravity,14,3.5,The Queen's Gambit,17,4.5,The Maltese Falcon,10,5,Princess Mononoke,18,3,,,,A Clockwork Orange,4,5,Spider-Man: Far From Home,18,4
,,,Spider-Man: Homecoming,23,4.5,Spider-Man: Far From Home,24,4,,,,The Woman in the Window,15,3,Road to Perdition,15,4,Luca,18,3.5,"Batman: The Long Halloween, Part 1",12,3,Rush Hour,19,4.5,,,,Only God Forgives,5,0.5,Spider-Man: No Way Home,18,5
,,,Thor: Ragnarok,24,4,Zack Snyder's Justice League,27,3,,,,The Trial of the Chicago 7,16,4.5,In the Heights,19,4,Fear Street: 1666,19,3,TENET (rewatch),15,4.5,Venom,26,2,,,,Dirty Rotten Scoundrels,6,3.5,The French Dispatch,19,3.5
,,,Black Panther,25,3,Justice League: The Flashpoint Paradox,28,3.5,,,,Andhadhun,16,4.5,Grown Ups,20,2.5,Speed,20,3.5,Beckett,16,2.5,Midnight Run,30,3.5,,,,Batman Begins,8,4,F9,20,1
,,,The Cabin in the Woods,26,4,,,,,,,Nobody,17,3.5,Bad Education,24,3.5,Polytechnique,21,4,"Batman: The Long Halloween, Part 2",16,3.5,,,,,,,The Dark Knight,10,5,Nightmare Alley,21,3.5
,,,,,,,,,,,,Kabhi Khushi Khabhie Gham,26,5,The Karate Kid (1984),25,3.5,Another Round,22,5,Gangster Squad,16,2,,,,,,,Eternals,13,3,No Time to Die,23,4
,,,,,,,,,,,,,,,,,,Pineapple Express,29,2.5,The Manchurian Candidate,19,5,,,,,,,Snatch,14,3.5,The Matrix Resurrections,24,2
,,,,,,,,,,,,,,,,,,,,,The Green Knight,19,4.5,,,,,,,The Dark Knight Rises,17,5,Don't Look Up,24,3.5
,,,,,,,,,,,,,,,,,,,,,21 Jump Street,19,4,,,,,,,Last Night in Soho,20,3,No Sudden Move,24,3
,,,,,,,,,,,,,,,,,,,,,22 Jump Street,24,4,,,,,,,"tick, tick...BOOM!",21,4,Candyman,25,2.5
,,,,,,,,,,,,,,,,,,,,,Spider-Man,29,3.5,,,,,,,The Card Counter,22,1,Candyman,25,3
,,,,,,,,,,,,,,,,,,,,,Spider-Man 2,30,4.5,,,,,,,A Serious Man,22,3.5,The Mitchells vs. the Machines,26,4
,,,,,,,,,,,,,,,,,,,,,The Birds,31,3.5,,,,,,,Gangs of New York,24,1.5,King Richard,27,3.5
,,,,,,,,,,,,,,,,,,,,,,,,,,,,,,Venom: Let There Be Carnage,25,1,Malcolm & Marie,27,2.5
,,,,,,,,,,,,,,,,,,,,,,,,,,,,,,The Wrong Man,25,3.5,The Little Things,28,1
,,,,,,,,,,,,,,,,,,,,,,,,,,,,,,Casablanca,27,5,Licorice Pizza,29,4
,,,,,,,,,,,,,,,,,,,,,,,,,,,,,,,,,Cruella,30,3.5
,,,,,,,,,,,,,,,,,,,,,,,,,,,,,,,,,The Lost Daughter,31,3
,,,,,,,,,,,,,,,,,,,,,,,,,,,,,,,,,,,
,,,,,,,,,,,,,,,,,,,,,,,,,,,,,,,,,,,
,,,,,,,,,,,,,,,,,,,,,,,,,,,,,,,,,,,
,,,,,,,,,,,,,,,,,,,,,,,,,,,,,,,,,,,
,,,,,,,,,,,,,,,,,,,,,,,,,,,,,,,,,,,
,,,,,,,,,,,,,,,,,,,,,,,,,,,,,,,,,,,
,,,,,,,,,,,,,,,,,,,,,,,,,,,,,,,,,,,
,,,,,,,,,,,,,,,,,,,,,,,,,,,,,,,,,,,
,,,,,,,,,,,,,,,,,,,,,,,,,,,,,,,,,,,
,,,,,,,,,,,,,,,,,,,,,,,,,,,,,,,,,,,
2021 Statistics,,,,,,,,,,,,,,,,,,,,,,,,,,,,,,,,,,,
Highest Monthly Average Rating,#NAME?,,,,,,,,,,,,,,,,,,,,,,,,,,,,,,,,,,
Most Films Watched in a Month,23,,,,,,,,,,,,,,,,,,,,,,,,,,,,,,,,,,
Average Overall Rating for 2021,3.57,,,,,,,,,,,,,,,,,,,,,,,,,,,,,,,,,,
Average Movies Per Month,11.50,,,,,,,,,,,,,,,,,,,,,,,,,,,,,,,,,,
Total Unique Films Watched in 2021,118,,,,,,,,,,,,,,,,,,,,,,,,,,,,,,,,,,
Total Films Watched in 2021,138,,,,,,,,,,,,,,,,,,,,,,,,,,,,,,,,,,
5 Star Ratings This Year,9,,,,,,,,,,,,,,,,,,,,,,,,,,,,,,,,,,
Movies Released This Year,45,,,,,,,,,,,,,,,,,,,,,,,,,,,,,,,,,,
Must Watches Completed from This Year,29.5%,,,,,,,,,,,,,,,,,,,,,,,,,,,,,,,,,,
Movies rewatched for the first time on LB,17,,,,,,,,,,,,,,,,,,,,,,,,,,,,,,,,,,
Movies Watched More Than Once in 2021,1,,,,,,,,,,,,,,,,,,,,,,,,,,,,,,,,,,
Movies Rewatched in Previous Years,19,,,,,,,,,,,,,,,,,,,,,,,,,,,,,,,,,,
Total Rewatches in 2021,37,,,,,,,,,,,,,,,,,,,,,,,,,,,,,,,,,,
Total Unique Movies Watched on Letterboxd,456,,,,,,,,,,,,,,,,,,,,,,,,,,,,,,,,,,
Total Movies Recorded on Letterboxd,516,,,,,,,,,,,,9,,,8,,,,,,,,,,,,,,,,,,,
,,,,,,,,,,,,,12,,,14,,,,,,16,,,,,,,,,,,,,
5,,4.30,10,20,3.65,9,,3.83,4,,4.00,11,16,3.82,11,,3.64,12,,3.33,18,19,3.83,9,12,2.94,5,,3.50,21,4,3.38,23,24,3.39
2022            22 films from the 20s to the 20s,,,I'm busy,,,The Batman,,,2049 returns and EEAAO,,,Multiversal,,,Frat pack and more,,,Top Gun blows my mind,,,Bullet Train ends a W side quest day,,,Depression,16,,Smile after a girls day out/Terrifier guns,,,Thanksgiving throwbacks,,,A 2022 speedrun,,
January,Date,Rating,February,Date,Rating,March,Date,Rating,April,Date,Rating,May,Date,Rating,June,Date,Rating,July,Date,Rating,August,Date,Rating,September,Date,Rating,October,Date,Rating,November,Date,Rating,December,Date,Rating
Avatar,1,2.5,Blade Runner,6,5,The Batman,2,5,Kingsman: The Golden Circle,1,3,Demon Slayer - The Movie: Mugen Train,6,4.5,Blood Diamond,5,3.5,Thor: Love and Thunder,8,3,The Gray Man,7,2,,,,To Catch a Thief,2,3.5,Fury,20,2,12 Kilometers,3,1
The General,2,4.5,The Day the Earth Stood Still,8,4,28 Days Later,3,3.5,Blade Runner 2049,3,5,Doctor Strange in the Multiverse of Madness,7,3.5,Mr. & Mrs. Smith,5,4.5,Top Gun: Maverick,14,5,Knives Out,17,4.5,,,,Smile,7,4,Minions: The Rise of Gru,20,2.5,Witness for the Prosecution,10,4
The Invisible Man (2020),3,4,The House That Jack Built,25,2.5,Ted,7,3.5,Fantastic Mr. Fox,5,4.5,The Adam Project,13,3,Starsky & Hutch,12,3.5,Pulp Fiction,15,5,Memories of Murder,22,4.5,,,,Terrifier,31,1,After Hours,21,4.5,21 Jump Street,10,4
Metropolis,3,3.5,,,,The Fighter,8,4,The Outfit,5,3.5,Four Brothers,17,2.5,Mission: Impossible,12,4,Old School,16,2.5,Bullet Train,28,3.5,,,,,,,Network,22,4,The Road,15,3.5
Frankenstein,4,3,,,,The Batman (rewatch),10,5,Everything Everywhere All at Once,19,5,Casino Royale,20,4.5,Anchorman: The Legend of Ron Burgundy,14,3,,,,,,,,,,,,,My Cousin Vinny,30,4,Transformers,18,3.5
M,5,5,,,,Belfast,16,4.5,The Treasure of the Sierra Madre,28,3,Harold & Kumar Go to White Castle,20,3.5,I Now Pronounce You Chuck & Larry,14,2.5,,,,,,,,,,,,,,,,The Northman,20,4
The Great Dictator,6,4.5,,,,Ford v. Ferrari,16,5,,,,Possessor,21,4,The Other Guys,14,3.5,,,,,,,,,,,,,,,,Amsterdam,20,2.5
It's a Wonderful Life,7,5,,,,Jujutsu Kaisen 0,17,4,,,,,,,"Good Morning, Vietnam",20,4,,,,,,,,,,,,,,,,It's a Wonderful Life,21,5
The Searchers,8,4,,,,Primer,27,4.5,,,,,,,Hustle,23,4,,,,,,,,,,,,,,,,Babylon,22,4.5
The Bridge on the River Kwai,9,5,,,,Psych: The Movie,28,4,,,,,,,Top Gun,25,3.5,,,,,,,,,,,,,,,,The Unbearable Weight of Massive Talent,24,3.5
Charade,10,4.5,,,,Psych 2: Lassie Come Home,28,3.5,,,,,,,The Nice Guys,25,5,,,,,,,,,,,,,,,,Wendell & Wild,24,3.5
The Killing,11,4.5,,,,Psych 3: This is Gus,29,4,,,,,,,Spiderhead,25,2.5,,,,,,,,,,,,,,,,Emily the Criminal,24,4
The Graduate,11,3.5,,,,,,,,,,,,,,,,,,,,,,,,,,,,,,,Cha Cha Real Smooth,25,5
Rocky,12,3.5,,,,,,,,,,,,,,,,,,,,,,,,,,,,,,,"""Sr.""",29,5
A Few Good Men,13,4,,,,,,,,,,,,,,,,,,,,,,,,,,,,,,,,,
The Exorcist,13,3.5,,,,,,,,,,,,,,,,,,,,,,,,,,,,,,,,,
Die Hard,14,3.5,,,,,,,,,,,,,,,,,,,,,,,,,,,,,,,,,
Scarface,15,4,,,,,,,,,,,,,,,,,,,,,,,,,,,,,,,,,
Leon: The Professional,16,4.5,,,,,,,,,,,,,,,,,,,,,,,,,,,,,,,,,
Encanto,16,1.5,,,,,,,,,,,,,,,,,,,,,,,,,,,,,,,,,
Eyes Wide Shut,17,4,,,,,,,,,,,,,,,,,,,,,,,,,,,,,,,,,
Brick,18,4.5,,,,,,,,,,,,,,,,,,,,,,,,,,,,,,,,,
Lost in Translation,19,5,,,,,,,,,,,,,,,,,,,,,,,,,,,,,,,,,
The Hunt,20,5,,,,,,,,,,,,,,,,,,,,,,,,,,,,,,,,,
Portrait of a Lady on Fire,21,4.5,,,,,,,,,,,,,,,,,,,,,,,,,,,,,,,,,
Da 5 Bloods,22,4.5,,,,,,,,,,,,,,,,,,,,,,,,,,,,,,,,,
Sound of Metal,23,4,,,,,,,,,,,,,,,,,,,,,,,,,,,,,,,,,
Operation Finale,24,2.5,,,,,,,,,,,,,,,,,,,,,,,,,,,,,,,,,
Body of Lies,26,2,,,,,,,,,,,,,,,,,,,,,,,,,,,,,,,,,
The Apartment,28,5,,,,,,,,,,,,,,,,,,,,,,,,,,,,,,,,,
Us,29,3.5,,,,,,,,,,,,,,,,,,,,,,,,,,,,,,,,,
,,,,,,,,,,,,,,,,,,,,,,,,,,,,,,,,,,,
,,,,,,,,,,,,,,,,,,,,,,,,,,,,,,,,,,,
2022 Statistics,,,,,,,,,,,,,,,,,,,,,,,,,,,,,,,,,,,
Highest Monthly Average Rating,#NAME?,,,,,,,,,,,,,,,,,,,,,,,,,,,,,,,,,,
Most Films Watched in a Month,31,,,,,,,,,,,,,,,,,,,,,,,,,,,,,,,,,,
Average Overall Rating for 2022,3.82,,,,,,,,,,,,,,,,,,,,,,,,,,,,,,,,,,
Average Movies Per Month,9.18,,,,,,,,,,,,,,,,,,,,,,,,,,,,,,,,,,
Total Unique Films Watched in 2022,87,,,,,,,,,,,,,,,,,,,,,,,,,,,,,,,,,,
Total Films Watched in 2022,101,,,,,,,,,,,,,,,,,,,,,,,,,,,,,,,,,,
5 Star Ratings This Year,12,,,,,,,,,,,,,,,,,,,,,,,,,,,,,,,,,,
Movies Released This Year,22,,,,,,,,,,,,,,,,,,,,,,,,,,,,,,,,,,
Must Watches Completed from This Year,20.6%,,,,,,,,,,,,,,,,,,,,,,,,,,,,,,,,,,
Movies rewatched for the first time on LB,2,,,,,,,,,,,,,,,,,,,,,,,,,,,,,,,,,,
Movies Watched More Than Once in 2022,2,,,,,,,,,,,,,,,,,,,,,,,,,,,,,,,,,,
Movies Rewatched in Previous Years,12,,,,,,,,,,,,,,,,,,,,,,,,,,,,,,,,,,
Total Rewatches in 2022,16,3,,,,,,,,,,,,,,,,,,,,,,,,,,,,,,,,,
Total Unique Movies Watched on Letterboxd,543,11,,,,,,,,,,,,,,,,,,,,,,,,,,,,,,,,,
Total Movies Recorded on Letterboxd,617,13,,,,,,,,,,,,,,,,,,,,,,,,,,,,,,,,,
,,16,,,,,,,,,,,,,,,,,,,,,,,,,,,,,,,,,
31,,3.95,3,,3.83,12,16,4.21,6,5,4.00,7,20,3.64,12,14,3.63,4,,3.88,4,,3.63,0,,,3,,2.83,5,20,3.40,14,24,3.79
2023: 23 Films to Start 2023 (chalked it),,,The Menu!,,,An attempt at a John Wick run through,28,,Three mindblowing films,,,Post grad film study,,,SM makes the 5 star count 2 for 2023,25,,IMAX and shit,,,We begin torture with a DC deep dive,,,Finishing off the 2019 Must Watches,,,Midtober,,,Comfort films,,,2023 recap,,
January,Date,Rating,February,Date,Rating,March,Date,Rating,April,Date,Rating,May,Date,Rating,June,Date,Rating,July,Date,Rating,August,Date,Rating,September,Date,Rating,October,Date,Rating,November,Date,Rating,December,Date,Rating
Molly's Game,2,2,The Menu,26,3.5,Glass Onion: A Knives Out Mystery,6,3.5,Coherence,9,4,Guardians of the Galaxy Vol. 3,18,4.5,Spider-Man: Across the Spider-Verse,4,5,Mission: Impossible - Dead Reckoning,13,4,Predestination,7,4,Batman (1989),1,3,The Burial,13,2.5,Surf's Up,12,4,The Super Mario Bros. Movie,1,3.5
GdT's Pinocchio,3,4.5,,,,Train to Busan,23,4,Terrifier 2,12,2.5,Superbad,19,4.5,Spider-Man: Into the Spider-Verse,9,5,Oppenheimer,21,4.5,Sound of Freedom,14,4,The Flash,1,2.5,Ocean's Eleven,29,5,Iron Man,13,5,The Killer,1,4
Sunset Boulevard,8,5,,,,John Wick,29,4,Tucker and Dale vs. Evil,17,4,Air,26,4,John Wick: Chapter 4,13,3,Mission: Impossible II,30,1,Man of Steel,22,2.5,The King of Comedy,2,5,,,,Cars,24,5,Bye Bye Barry,3,4
Dracula (1931),13,3,,,,,,,,,,The Meg,31,3.5,,,,,,,Batman v. Superman: Dawn of Justice,23,3,Wildlife,4,5,,,,The Cameraman,30,4,Asteroid City,3,3
Puss in Boots,14,3.5,,,,,,,,,,Oblivion,31,4.5,,,,,,,Mission: Impossible III,23,3.5,Overlord,5,3,,,,,,,Killers of the Flower Moon,4,4
Rush,14,3,,,,,,,,,,,,,,,,,,,Zack Snyder's Justice League,25,3.5,Midnight in Paris,10,3.5,,,,,,,Godzilla Minus One,5,4
White Noise,14,3,,,,,,,,,,,,,,,,,,,Birds of Prey: Harley Quinn,29,3.5,Lady Bird,10,4,,,,,,,Transformers: Rise of the Beasts,8,3
Roman J. Israel Esq,14,4,,,,,,,,,,,,,,,,,,,Strays,30,3,Aquaman,13,2.5,,,,,,,Bottoms,8,4
Dr. Jekyll and Mr. Hyde (1941),14,2.5,,,,,,,,,,,,,,,,,,,,,,Shazam!,14,2.5,,,,,,,Eileen,8,4
Penguins of Madagascar,14,3.5,,,,,,,,,,,,,,,,,,,,,,,,,,,,,,,Cocaine Bear,9,2
Big Trouble in Little China,22,3,,,,,,,,,,,,,,,,,,,,,,,,,,,,,,,Indiana Jones and the Dial of Destiny,9,3
Dr. No,24,2.5,,,,,,,,,,,,,,,,,,,,,,,,,,,,,,,Inception,10,5
Shrek,24,4.5,,,,,,,,,,,,,,,,,,,,,,,,,,,,,,,La La Land,10,5
The Invisible Man (1933),26,4,,,,,,,,,,,,,,,,,,,,,,,,,,,,,,,Leave The World Behind,11,3.5
,,,,,,,,,,,,,,,,,,,,,,,,,,,,,,,,,The Boy and the Heron,11,3.5
,,,,,,,,,,,,,,,,,,,,,,,,,,,,,,,,,Renfield,12,3
,,,,,,,,,,,,,,,,,,,,,,,,,,,,,,,,,Saltburn,12,4.5
,,,,,,,,,,,,,,,,,,,,,,,,,,,,,,,,,Maestro,13,4
,,,,,,,,,,,,,,,,,,,,,,,,,,,,,,,,,Fast X,13,1.5
,,,,,,,,,,,,,,,,,,,,,,,,,,,,,,,,,The Blackening,14,3
,,,,,,,,,,,,,,,,,,,,,,,,,,,,,,,,,Poor Things,14,5
,,,,,,,,,,,,,,,,,,,,,,,,,,,,,,,,,The Holdovers,15,4.5
,,,,,,,,,,,,,,,,,,,,,,,,,,,,,,,,,It's A Wonderful Life,16,5
,,,,,,,,,,,,,,,,,,,,,,,,,,,,,,,,,Blackberry,16,4
,,,,,,,,,,,,,,,,,,,,,,,,,,,,,,,,,Wonka,16,3.5
,,,,,,,,,,,,,,,,,,,,,,,,,,,,,,,,,Interstellar,17,5
,,,,,,,,,,,,,,,,,,,,,,,,,,,,,,,,,Teenage Mutant Ninja Turtles: Mutant Meyhem ,17,4
,,,,,,,,,,,,,,,,,,,,,,,,,,,,,,,,,Donnie Brasco,18,3
,,,,,,,,,,,,,,,,,,,,,,,,,,,,,,,,,Meg 2: The Trench,18,1
,,,,,,,,,,,,,,,,,,,,,,,,,,,,,,,,,The Archies,20,1
,,,,,,,,,,,,,,,,,,,,,,,,,,,,,,,,,A Trip to the Moon,22,4
,,,,,,,,,,,,,,,,,,,,,,,,,,,,,,,,,The Man Who Knew Too Much,25,3.5
,,,,,,,,,,,,,,,,,,,,,,,,,,,,,,,,,Fantastic Planet,25,3.5
2023 Statistics,,,,,,,,,,,,,,,,,,,,,,,,,,,,,,,,,American Fiction,26,4
Highest Monthly Average Rating,#NAME?,,,,,,,,,,,,,,,,,,,,,,,,,,,,,,,,Safety Last!,27,3.5
Most Films Watched in a Month,47,,,,,,,,,,,,,,,,,,,,,,,,,,,,,,,,Lot No. 249,27,3
Average Overall Rating,3.68,,,,,,,,,,,,,,,,,,,,,,,,,,,,,,,,Dredd,27,3
Average Movies Per Month,8.50,,,,,,,,,,,,,,,,,,,,,,,,,,,,,,,,The Cabinet of Dr. Caligari,28,4.5
Total Unique Films Watched,92,,,,,,,,,,,,,,,,,,,,,,,,,,,,,,,,Ferrari,28,4
Total Films Watched,102,,,,,,,,,,,,,,,,,,,,,,,,,,,,,,,,Save Ralph,31,5
5 Star Ratings This Year,17,,,,,,,,,,,,,,,,,,,,,,,,,,,,,,,,Bao,31,5
Movies Released This Year,37,,,,,,,,,,,,,,,,,,,,,,,,,,,,,,,,The Cat Concerto,31,5
Must Watches Completed from This Year,20.0%,,,,,,,,,,,,,,,,,,,,,,,,,,,,,,,,Dear Basketball,31,5
Movies rewatched for the first time on LB,8,,,,,,,,,,,,,,,,,,,,,,,,,,,,,,,,The Great Train Robbery,31,3
Movies Watched More Than Once,0,,,,,,,,,,,,,,,,,,,,,,,,,,,,,,,,Reservoir Dogs (1991 short film),31,3.5
Movies Rewatched in Previous Years,10,,,,,,,,,,,,,,,,,,,,,,,,,,,,,,,,Steamboat Willie,31,4
Total Rewatches,18,,,,,,,,,,,,,,,,,,,,,,,,,,,,,,,,The Big Shave,31,4
Total Unique Movies Watched on Letterboxd,635,,,,,,,,,,,,,,,,,,,,,,,,,,,,,,,,,,
Total Movies Recorded on Letterboxd,719,,,,,,,,,,,,,,,,,,,,,,,,,,,,,,,,,,
,,,,,,,,,,,,,,,,,,,,,,,,,,,,,,,,,,,
14,14,3.43,1,,3.50,3,,3.83,3,,3.50,5,31,4.20,3,,4.33,3,,3.17,8,23,3.38,9,1,3.44,2,,3.75,4,,4.50,47,31,3.72
2024,BR Double Feature,,Mini New Movie Month,,,Duuuuuuuuuune,,,King Kong ain't got nothing on me,,,Eggs men,,,Eggs men cont. + Marvel catch up,,,Throwbacks and must watches,,,Scavenger Hunt 113,,,2 Fast 2 Alien 2 Where is She?!,10,,"Rest, recovery, redrink",,,Once Upon a Time in 2019 MW is done,,,Harry Potter and the Order of Nashville,,
January,Date,Rating,February,Date,Rating,March,Date,Rating,April,Date,Rating,May,Date,Rating,June,Date,Rating,July,Date,Rating,August,Date,Rating,September,Date,Rating,October,Date,Rating,November,Date,Rating,December,Date,Rating
North By Northwest,2,5,Air Force One,11,4,The Greatest Night in Pop,2,4,Training Day,26,4.5,X-Men,31,3.5,"Lock, Stock, and Two Smoking Barrels",8,4,Triangle of Sadness,2,4.5,Gladiator,1,5,2001: A Space Odyssey,1,4.5,Chicken Run,1,3.5,Once Upon a Time in America,2,4,Harry Potter and the Philosopher's Stone,10,3.5
Barbie,5,4,Planet of the Apes,12,4.5,Dune: Part Two,3,5,,,,,,,X2,11,3.5,Beverly Hills Cop: Axel F,4,2.5,Willy Wonka and the Chocolate Factory,3,4.5,Paths of Glory,3,4.5,The Devil Wears Prada,14,3,Top Gun: Maverick,11,5,Harry Potter and the Chamber of Secrets,11,3
Blade Runner,6,5,Nope,12,4.5,American Psycho,3,4.5,,,,,,,X-Men: The Last Stand,14,2,The Killing of a Sacred Deer,5,4,Ordinary People,5,4.5,Obsessed,4,1.5,A Shot In The Dark,17,3,,,,Harry Potter and the Prisoner of Azkaban,16,4.5
Blade Runner 2049,6,5,Scoob!,13,2,TENET,6,4.5,,,,,,,X-Men Origins: Wolverine,19,1.5,The Goonies,7,5,Akira,6,4.5,The Wizard of Oz,4,4.5,Terrifier 3,31,2.5,,,,Harry Potter and the Goblet of Fire,19,3
Lawrence of Arabia,10,4.5,,,,Bodies Bodies Bodies,10,2.5,,,,,,,X-Men: First Class,20,4,Vanilla Sky,7,4.5,Speak No Evil (2022),6,2.5,The Cheap Detective,5,2.5,,,,,,,The Next 365 Days,29,0.5
All of Us Strangers,11,4,,,,,,,,,,,,,The Wolverine,20,3.5,Ice Age,8,3.5,Batman Returns,6,2.5,Cape Fear,5,3.5,,,,,,,Project X,30,4
Anatomy of a Fall,12,5,,,,,,,,,,,,,X-Men: Days of Future Past,20,4.5,Shrek 2,8,4,Wallace and Gromit in The Curse of the Were-Rabbit,6,4,Aliens,6,4.5,,,,,,,Transformers,30,3.5
Saltburn,13,4.5,,,,,,,,,,,,,X-Men: Apocalypse,21,1,The Bear (1998),8,4,Spaceballs,7,3,Batman Begins,6,4,,,,,,,,,
The Invitation,26,1,,,,,,,,,,,,,Logan,21,5,Mice Follies,8,4,Sleuth (1972),7,4,The Dark Knight,7,5,,,,,,,,,
,,,,,,,,,,,,,,,The Fall Guy,21,3.5,Blue Cat Blues,8,4,Rosemary's Baby,8,4.5,Spellbound,7,4,,,,,,,,,
,,,,,,,,,,,,,,,Hit Man,22,4,Puttin' on the Dog,8,3,On Her Majesty's Secret Service,12,1.5,The Last Samurai,7,4,,,,,,,,,
,,,,,,,,,,,,,,,Werewolf By Night,22,4,Mouse Trouble,8,5,Bride of Frankenstein,13,4,Alien 3,9,1.5,,,,,,,,,
,,,,,,,,,,,,,,,Black Panther: Wakanda Forever,22,3,The Framed Cat,8,2.5,Treasure Planet,13,2.5,Dr. Jekyll and Mr. Mouse,9,4.5,,,,,,,,,
,,,,,,,,,,,,,,,Ant-Man and the Wasp: Quantumania,23,2.5,The Million Dollar Cat,8,4.5,Alien,16,4.5,PSCaDYEATCTY,9,2,,,,,,,,,
,,,,,,,,,,,,,,,The Marvels,23,3,Tom and Cherie,8,3.5,Smokey and the Bandit,21,4,Inception: The Cobol Job,9,1.5,,,,,,,,,
,,,,,,,,,,,,,,,Puss in Boots: The Last Wish,24,4.5,The Yankee Doodle Mouse,8,5,The Equalizer,22,3.5,Prometheus,11,2.5,,,,,,,,,
,,,,,,,,,,,,,,,La Jetee,24,4.5,Ice Age 2: The Meltdown,9,2.5,Tinker Tailor Soldier Spy,24,3,Alien: Covenant,11,3.5,,,,,,,,,
,,,,,,,,,,,,,,,12 Monkeys,24,4,Modern Times,10,3.5,The Mist,25,3.5,Alien: Romulus,11,4.5,,,,,,,,,
,,,,,,,,,,,,,,,Dirty Harry,26,4,Serpico,10,3.5,Barry Lyndon,26,3.5,Jarhead,16,3,,,,,,,,,
,,,,,,,,,,,,,,,Risky Business,29,4,Contact,11,3.5,Force Majeure,26,3.5,The Fast and The Furious,18,4,,,,,,,,,
,,,,,,,,,,,,,,,,,,The Haunted House,11,3,The Prince of Egypt,27,3.5,2 Fast 2 Furious,19,3.5,,,,,,,,,
,,,,,,,,,,,,,,,,,,Bottle Rocket,11,3.5,The Last Black Man in San Francisco,27,3,The Fast and The Furious: Tokyo Drift,20,3,,,,,,,,,
,,,,,,,,,,,,,,,,,,Whiplash (2013),11,4,True Romance,27,3,Fast & Furious,20,3,,,,,,,,,
,,,,,,,,,,,,,,,,,,The Lady Vanishes,12,4.5,Magnolia,28,5,Fast Five,24,4,,,,,,,,,
,,,,,,,,,,,,,,,,,,From Russia With Love,14,3.5,High and Low,28,4.5,The Dark Knight Rises,25,5,,,,,,,,,
,,,,,,,,,,,,,,,,,,Challengers,15,4,King Kong (1933),28,3.5,Fast and Furious 6,26,3.5,,,,,,,,,
,,,,,,,,,,,,,,,,,,Goldfinger,15,4,Sing 2,29,3,,,,,,,,,,,,
,,,,,,,,,,,,,,,,,,Wallace and Gromit in The Wrong Trousers,16,4.5,The Raid,29,4,,,,,,,,,,,,
,,,,,,,,,,,,,,,,,,Wallace and Gromit in A Close Shave,16,5,8 1/2,29,4,,,,,,,,,,,,
,,,,,,,,,,,,,,,,,,Wallace and Gromit in A Grand Day Out,16,4,"Crouching Tiger, Hidden Dragon",29,4,,,,,,,,,,,,
,,,,,,,,,,,,,,,,,,The French Connection,17,5,Society of the Snow,30,4.5,,,,,,,,,,,,
,,,,,,,,,,,,,,,,,,Carol,17,4.5,Over The Hedge,30,3,,,,,,,,,,,,
,,,,,,,,,,,,,,,,,,Thunderball,18,3.5,Team America: World Police,30,2.5,,,,,,,,,,,,
2024 Statistics,,,,,,,,,,,,,,,,,,Goodfellas,18,5,South Park: The 25th Anniversary Concert,31,4,,,,,,,,,,,,
Highest Monthly Average Rating,#NAME?,,,,,,,,,,,,,,,,,Deadpool,22,4,WarGames,31,3.5,,,,,,,,,,,,
Most Films Watched in a Month,50,,,,,,,,,,,,,,,,,Deadpool 2,23,3.5,,,,,,,,,,,,,,,
Average Overall Rating,3.68,,,,,,,,,,,,,,,,,Don't Breathe,23,4,,,,,,,,,,,,,,,
Average Movies Per Month,13.67,,,,,,,,,,,,,,,,,Flushed Away,23,3,,,,,,,,,,,,,,,
Total Unique Films Watched,144,,,,,,,,,,,,,,,,,Tee for Two,24,4.5,,,,,,,,,,,,,,,
Total Films Watched,164,,,,,,,,,,,,,,,,,You Only Live Twice,24,2.5,,,,,,,,,,,,,,,
5 Star Ratings This Year,16,,,,,,,,,,,,,,,,,If Beale Street Could Talk,24,3.5,,,,,,,,,,,,,,,
Movies Released This Year,10,,,,,,,,,,,,,,,,,Ghostbusters: Frozen Empire,25,2,,,,,,,,,,,,,,,
Must Watches Completed from This Year,25.8%,,,,,,,,,,,,,,,,,Deadpool and Wolverine,25,4,,,,,,,,,,,,,,,
Movies Rewatched for the First Time on LB,38,,,,,,,,,,,,,,,,,Butch Cassidy and the Sundance Kid,26,4.5,,,,,,,,,,,,,,,
Movies Watched More Than Once,0,,,,,,,,,,,,,,,,,The Iron Giant,26,5,,,,,,,,,,,,,,,
Movies Rewatched in Previous Years,20,,,,,,,,,,,,,,,,,Notorious (1946),28,2.5,,,,,,,,,,,,,,,
Total Rewatches,58,,,,,,,,,,,,,,,,,Point Break,28,3,,,,,,,,,,,,,,,
Total Unique Movies Watched on Letterboxd,779,,,,,,,,,,,,,,,,,The Missing Mouse,29,4,,,,,,,,,,,,,,,
Total Movies Recorded on Letterboxd,883,,,,,,,,,,,,,,,20,,Rounders,29,4,,,,,,,,,,,,,,,
,,,,,,,,,,,,,,,,21,,Sky Captain and the World of Tomorrow,29,2,,,,,,,,,,,,,,,
9,6,4.22,4,12,3.75,5,3,4.10,1,,4.50,1,,3.50,20,22,3.50,50,8,3.81,35,6,3.64,26,9,3.52,4,,3.00,2,,4.50,7,30,3.14
2025,2024 recap + Transformers itch,,,,,,,,,,,,,,,24,,,,,,29,,,,,,,,,,,,,
January,Date,Rating,February,Date,Rating,March,Date,Rating,April,Date,Rating,May,Date,Rating,June,Date,Rating,July,Date,Rating,August,Date,Rating,September,Date,Rating,October,Date,Rating,November,Date,Rating,December,Date,Rating
Se7en,3,5,Transformers: The Last Knight,1,0.5,Harry Potter and the Half-Blood Prince,21,3,,,,,,,,,,,,,,,,,,,,,,,,,,,
Transformers: Revenge of the Fallen,21,2.5,The Driver,1,4,,,,,,,,,,,,,,,,,,,,,,,,,,,,,,
Transformers: Dark of the Moon,22,3.5,Drive,2,5,,,,,,,,,,,,,,,,,,,,,,,,,,,,,,
The Man Who Shot Liberty Valence,24,3.5,Out of Sight,3,3,,,,,,,,,,,,,,,,,,,,,,,,,,,,,,
Scooby Doo,25,2,Conclave,4,4,,,,,,,,,,,,,,,,,,,,,,,,,,,,,,
Nosferatu: A Symphony of Horror,25,3.5,Harry Potter and the Order of the Phoenix,22,3,,,,,,,,,,,,,,,,,,,,,,,,,,,,,,
Past Lives,26,4.5,,,,,,,,,,,,,,,,,,,,,,,,,,,,,,,,,
Cinema Paradiso,27,5,,,,,,,,,,,,,,,,,,,,,,,,,,,,,,,,,
A Real Pain,28,4,,,,,,,,,,,,,,,,,,,,,,,,,,,,,,,,,
The Abyss,30,4,,,,,,,,,,,,,,,,,,,,,,,,,,,,,,,,,
Wallace & Gromit: Vengeance Most Fowl,30,4,,,,,,,,,,,,,,,,,,,,,,,,,,,,,,,,,
Transformers: Age of Extinction,31,0.5,,,,,,,,,,,,,,,,,,,,,,,,,,,,,,,,,
Nosferatu,31,4,,,,,,,,,,,,,,,,,,,,,,,,,,,,,,,,,
,,,,,,,,,,,,,,,,,,,,,,,,,,,,,,,,,,,
,,,,,,,,,,,,,,,,,,,,,,,,,,,,,,,,,,,
,,,,,,,,,,,,,,,,,,,,,,,,,,,,,,,,,,,
,,,,,,,,,,,,,,,,,,,,,,,,,,,,,,,,,,,
,,,,,,,,,,,,,,,,,,,,,,,,,,,,,,,,,,,
,,,,,,,,,,,,,,,,,,,,,,,,,,,,,,,,,,,
,,,,,,,,,,,,,,,,,,,,,,,,,,,,,,,,,,,
,,,,,,,,,,,,,,,,,,,,,,,,,,,,,,,,,,,
,,,,,,,,,,,,,,,,,,,,,,,,,,,,,,,,,,,
,,,,,,,,,,,,,,,,,,,,,,,,,,,,,,,,,,,
,,,,,,,,,,,,,,,,,,,,,,,,,,,,,,,,,,,
,,,,,,,,,,,,,,,,,,,,,,,,,,,,,,,,,,,
,,,,,,,,,,,,,,,,,,,,,,,,,,,,,,,,,,,
,,,,,,,,,,,,,,,,,,,,,,,,,,,,,,,,,,,
,,,,,,,,,,,,,,,,,,,,,,,,,,,,,,,,,,,
,,,,,,,,,,,,,,,,,,,,,,,,,,,,,,,,,,,
,,,,,,,,,,,,,,,,,,,,,,,,,,,,,,,,,,,
,,,,,,,,,,,,,,,,,,,,,,,,,,,,,,,,,,,
,,,,,,,,,,,,,,,,,,,,,,,,,,,,,,,,,,,
,,,,,,,,,,,,,,,,,,,,,,,,,,,,,,,,,,,
2025 Statistics,,,,,,,,,,,,,,,,,,,,,,,,,,,,,,,,,,,
Highest Monthly Average Rating,#NAME?,,,,,,,,,,,,,,,,,,,,,,,,,,,,,,,,,,
Most Films Watched in a Month,13,,,,,,,,,,,,,,,,,,,,,,,,,,,,,,,,,,
Average Overall Rating,33.63,,,,,,,,,,,,,,,,,,,,,,,,,,,,,,,,,,
Average Movies Per Month,6.67,,,,,,,,,,,,,,,,,,,,,,,,,,,,,,,,,,
Total Unique Films Watched,14,,,,,,,,,,,,,,,,,,,,,,,,,,,,,,,,,,
Total Films Watched,20,,,,,,,,,,,,,,,,,,,,,,,,,,,,,,,,,,
5 Star Ratings This Year,3,,,,,,,,,,,,,,,,,,,,,,,,,,,,,,,,,,
Movies Released This Year,0,,,,,,,,,,,,,,,,,,,,,,,,,,,,,,,,,,
Must Watches Completed from This Year,1,,,,,,,,,,,,,,,,,,,,,,,,,,,,,,,,,,
Movies Rewatched for the First Time on LB,1,,,,,,,,,,,,,,,,,,,,,,,,,,,,,,,,,,
Movies Watched More Than Once,0,,,,,,,,,,,,,,,,,,,,,,,,,,,,,,,,,,
Movies Rewatched in Previous Years,6,,,,,,,,,,,,,,,,,,,,,,,,,,,,,,,,,,
Total Rewatches,7,,,,,,,,,,,,,,,,,,,,,,,,,,,,,,,,,,
Total Unique Movies Watched on Letterboxd,793,,,,,,,,,,,,,,,,,,,,,,,,,,,,,,,,,,
Total Movies Recorded on Letterboxd,903,,,,,,,,,,,,,,,,,,,,,,,,,,,,,,,,,,
,,,,,,,,,,,,,,,,,,,,,,,,,,,,,,,,,,,
13,,3.54,6,1,3.25,1,,3.00,0,,,0,,,0,,,0,,,0,,,0,,,0,,,0,,,0,,
2026,,,,,,,,,,,,,,,,,,,,,,,,,,,,,,,,,,,
January,Date,Rating,February,Date,Rating,March,Date,Rating,April,Date,Rating,May,Date,Rating,June,Date,Rating,July,Date,Rating,August,Date,Rating,September,Date,Rating,October,Date,Rating,November,Date,Rating,December,Date,Rating
,,,,,,,,,,,,,,,,,,,,,,,,,,,,,,,,,,,
,,,,,,,,,,,,,,,,,,,,,,,,,,,,,,,,,,,
,,,,,,,,,,,,,,,,,,,,,,,,,,,,,,,,,,,
,,,,,,,,,,,,,,,,,,,,,,,,,,,,,,,,,,,
,,,,,,,,,,,,,,,,,,,,,,,,,,,,,,,,,,,
,,,,,,,,,,,,,,,,,,,,,,,,,,,,,,,,,,,
,,,,,,,,,,,,,,,,,,,,,,,,,,,,,,,,,,,
,,,,,,,,,,,,,,,,,,,,,,,,,,,,,,,,,,,
,,,,,,,,,,,,,,,,,,,,,,,,,,,,,,,,,,,
,,,,,,,,,,,,,,,,,,,,,,,,,,,,,,,,,,,
,,,,,,,,,,,,,,,,,,,,,,,,,,,,,,,,,,,
,,,,,,,,,,,,,,,,,,,,,,,,,,,,,,,,,,,
,,,,,,,,,,,,,,,,,,,,,,,,,,,,,,,,,,,
,,,,,,,,,,,,,,,,,,,,,,,,,,,,,,,,,,,
,,,,,,,,,,,,,,,,,,,,,,,,,,,,,,,,,,,
,,,,,,,,,,,,,,,,,,,,,,,,,,,,,,,,,,,
,,,,,,,,,,,,,,,,,,,,,,,,,,,,,,,,,,,
,,,,,,,,,,,,,,,,,,,,,,,,,,,,,,,,,,,
,,,,,,,,,,,,,,,,,,,,,,,,,,,,,,,,,,,
,,,,,,,,,,,,,,,,,,,,,,,,,,,,,,,,,,,
,,,,,,,,,,,,,,,,,,,,,,,,,,,,,,,,,,,
,,,,,,,,,,,,,,,,,,,,,,,,,,,,,,,,,,,
,,,,,,,,,,,,,,,,,,,,,,,,,,,,,,,,,,,
,,,,,,,,,,,,,,,,,,,,,,,,,,,,,,,,,,,
,,,,,,,,,,,,,,,,,,,,,,,,,,,,,,,,,,,
,,,,,,,,,,,,,,,,,,,,,,,,,,,,,,,,,,,
,,,,,,,,,,,,,,,,,,,,,,,,,,,,,,,,,,,
,,,,,,,,,,,,,,,,,,,,,,,,,,,,,,,,,,,
,,,,,,,,,,,,,,,,,,,,,,,,,,,,,,,,,,,
,,,,,,,,,,,,,,,,,,,,,,,,,,,,,,,,,,,
,,,,,,,,,,,,,,,,,,,,,,,,,,,,,,,,,,,
,,,,,,,,,,,,,,,,,,,,,,,,,,,,,,,,,,,
,,,,,,,,,,,,,,,,,,,,,,,,,,,,,,,,,,,
2025 Statistics,,,,,,,,,,,,,,,,,,,,,,,,,,,,,,,,,,,
Highest Monthly Average Rating,0,,,,,,,,,,,,,,,,,,,,,,,,,,,,,,,,,,
Most Films Watched in a Month,0,,,,,,,,,,,,,,,,,,,,,,,,,,,,,,,,,,
Average Overall Rating,0,,,,,,,,,,,,,,,,,,,,,,,,,,,,,,,,,,
Average Movies Per Month,0,,,,,,,,,,,,,,,,,,,,,,,,,,,,,,,,,,
Total Unique Films Watched,0,,,,,,,,,,,,,,,,,,,,,,,,,,,,,,,,,,
Total Films Watched,0,,,,,,,,,,,,,,,,,,,,,,,,,,,,,,,,,,
5 Star Ratings This Year,0,,,,,,,,,,,,,,,,,,,,,,,,,,,,,,,,,,
Movies Released This Year,0,,,,,,,,,,,,,,,,,,,,,,,,,,,,,,,,,,
Must Watches Completed from This Year,0,,,,,,,,,,,,,,,,,,,,,,,,,,,,,,,,,,
Movies Rewatched for the First Time on LB,0,,,,,,,,,,,,,,,,,,,,,,,,,,,,,,,,,,
Movies Watched More Than Once,0,,,,,,,,,,,,,,,,,,,,,,,,,,,,,,,,,,
Movies Rewatched in Previous Years,0,,,,,,,,,,,,,,,,,,,,,,,,,,,,,,,,,,
Total Rewatches,0,,,,,,,,,,,,,,,,,,,,,,,,,,,,,,,,,,
Total Unique Movies Watched on Letterboxd,793,,,,,,,,,,,,,,,,,,,,,,,,,,,,,,,,,,
Total Movies Recorded on Letterboxd,903,,,,,,,,,,,,,,,,,,,,,,,,,,,,,,,,,,
,,,,,,,,,,,,,,,,,,,,,,,,,,,,,,,,,,,
0,,,0,,,0,,,0,,,0,,,0,,,0,,,0,,,0,,,0,,,0,,,0,,
2027,,,,,,,,,,,,,,,,,,,,,,,,,,,,,,,,,,,
January,Date,Rating,February,Date,Rating,March,Date,Rating,April,Date,Rating,May,Date,Rating,June,Date,Rating,July,Date,Rating,August,Date,Rating,September,Date,Rating,October,Date,Rating,November,Date,Rating,December,Date,Rating
,,,,,,,,,,,,,,,,,,,,,,,,,,,,,,,,,,,
,,,,,,,,,,,,,,,,,,,,,,,,,,,,,,,,,,,
,,,,,,,,,,,,,,,,,,,,,,,,,,,,,,,,,,,
,,,,,,,,,,,,,,,,,,,,,,,,,,,,,,,,,,,
,,,,,,,,,,,,,,,,,,,,,,,,,,,,,,,,,,,
,,,,,,,,,,,,,,,,,,,,,,,,,,,,,,,,,,,
,,,,,,,,,,,,,,,,,,,,,,,,,,,,,,,,,,,
,,,,,,,,,,,,,,,,,,,,,,,,,,,,,,,,,,,
,,,,,,,,,,,,,,,,,,,,,,,,,,,,,,,,,,,
,,,,,,,,,,,,,,,,,,,,,,,,,,,,,,,,,,,
,,,,,,,,,,,,,,,,,,,,,,,,,,,,,,,,,,,
,,,,,,,,,,,,,,,,,,,,,,,,,,,,,,,,,,,
,,,,,,,,,,,,,,,,,,,,,,,,,,,,,,,,,,,
,,,,,,,,,,,,,,,,,,,,,,,,,,,,,,,,,,,
,,,,,,,,,,,,,,,,,,,,,,,,,,,,,,,,,,,
,,,,,,,,,,,,,,,,,,,,,,,,,,,,,,,,,,,
,,,,,,,,,,,,,,,,,,,,,,,,,,,,,,,,,,,
,,,,,,,,,,,,,,,,,,,,,,,,,,,,,,,,,,,
,,,,,,,,,,,,,,,,,,,,,,,,,,,,,,,,,,,
,,,,,,,,,,,,,,,,,,,,,,,,,,,,,,,,,,,
,,,,,,,,,,,,,,,,,,,,,,,,,,,,,,,,,,,
,,,,,,,,,,,,,,,,,,,,,,,,,,,,,,,,,,,
,,,,,,,,,,,,,,,,,,,,,,,,,,,,,,,,,,,
,,,,,,,,,,,,,,,,,,,,,,,,,,,,,,,,,,,
,,,,,,,,,,,,,,,,,,,,,,,,,,,,,,,,,,,
,,,,,,,,,,,,,,,,,,,,,,,,,,,,,,,,,,,
,,,,,,,,,,,,,,,,,,,,,,,,,,,,,,,,,,,
,,,,,,,,,,,,,,,,,,,,,,,,,,,,,,,,,,,
,,,,,,,,,,,,,,,,,,,,,,,,,,,,,,,,,,,
,,,,,,,,,,,,,,,,,,,,,,,,,,,,,,,,,,,
,,,,,,,,,,,,,,,,,,,,,,,,,,,,,,,,,,,
,,,,,,,,,,,,,,,,,,,,,,,,,,,,,,,,,,,
,,,,,,,,,,,,,,,,,,,,,,,,,,,,,,,,,,,
2025 Statistics,,,,,,,,,,,,,,,,,,,,,,,,,,,,,,,,,,,
Highest Monthly Average Rating,0,,,,,,,,,,,,,,,,,,,,,,,,,,,,,,,,,,
Most Films Watched in a Month,0,,,,,,,,,,,,,,,,,,,,,,,,,,,,,,,,,,
Average Overall Rating,0,,,,,,,,,,,,,,,,,,,,,,,,,,,,,,,,,,
Average Movies Per Month,0,,,,,,,,,,,,,,,,,,,,,,,,,,,,,,,,,,
Total Unique Films Watched,0,,,,,,,,,,,,,,,,,,,,,,,,,,,,,,,,,,
Total Films Watched,0,,,,,,,,,,,,,,,,,,,,,,,,,,,,,,,,,,
5 Star Ratings This Year,0,,,,,,,,,,,,,,,,,,,,,,,,,,,,,,,,,,
Movies Released This Year,0,,,,,,,,,,,,,,,,,,,,,,,,,,,,,,,,,,
Must Watches Completed from This Year,0,,,,,,,,,,,,,,,,,,,,,,,,,,,,,,,,,,
Movies Rewatched for the First Time on LB,0,,,,,,,,,,,,,,,,,,,,,,,,,,,,,,,,,,
Movies Watched More Than Once,0,,,,,,,,,,,,,,,,,,,,,,,,,,,,,,,,,,
Movies Rewatched in Previous Years,0,,,,,,,,,,,,,,,,,,,,,,,,,,,,,,,,,,
Total Rewatches,0,,,,,,,,,,,,,,,,,,,,,,,,,,,,,,,,,,
Total Unique Movies Watched on Letterboxd,793,,,,,,,,,,,,,,,,,,,,,,,,,,,,,,,,,,
Total Movies Recorded on Letterboxd,903,,,,,,,,,,,,,,,,,,,,,,,,,,,,,,,,,,
,,,,,,,,,,,,,,,,,,,,,,,,,,,,,,,,,,,
0,,,0,,,0,,,0,,,0,,,0,,,0,,,0,,,0,,,0,,,0,,,0,,
2028,,,,,,,,,,,,,,,,,,,,,,,,,,,,,,,,,,,
January,Date,Rating,February,Date,Rating,March,Date,Rating,April,Date,Rating,May,Date,Rating,June,Date,Rating,July,Date,Rating,August,Date,Rating,September,Date,Rating,October,Date,Rating,November,Date,Rating,December,Date,Rating
,,,,,,,,,,,,,,,,,,,,,,,,,,,,,,,,,,,
,,,,,,,,,,,,,,,,,,,,,,,,,,,,,,,,,,,
,,,,,,,,,,,,,,,,,,,,,,,,,,,,,,,,,,,
,,,,,,,,,,,,,,,,,,,,,,,,,,,,,,,,,,,
,,,,,,,,,,,,,,,,,,,,,,,,,,,,,,,,,,,
,,,,,,,,,,,,,,,,,,,,,,,,,,,,,,,,,,,
,,,,,,,,,,,,,,,,,,,,,,,,,,,,,,,,,,,
,,,,,,,,,,,,,,,,,,,,,,,,,,,,,,,,,,,
,,,,,,,,,,,,,,,,,,,,,,,,,,,,,,,,,,,
,,,,,,,,,,,,,,,,,,,,,,,,,,,,,,,,,,,
,,,,,,,,,,,,,,,,,,,,,,,,,,,,,,,,,,,
,,,,,,,,,,,,,,,,,,,,,,,,,,,,,,,,,,,
,,,,,,,,,,,,,,,,,,,,,,,,,,,,,,,,,,,
,,,,,,,,,,,,,,,,,,,,,,,,,,,,,,,,,,,
,,,,,,,,,,,,,,,,,,,,,,,,,,,,,,,,,,,
,,,,,,,,,,,,,,,,,,,,,,,,,,,,,,,,,,,
,,,,,,,,,,,,,,,,,,,,,,,,,,,,,,,,,,,
,,,,,,,,,,,,,,,,,,,,,,,,,,,,,,,,,,,
,,,,,,,,,,,,,,,,,,,,,,,,,,,,,,,,,,,
,,,,,,,,,,,,,,,,,,,,,,,,,,,,,,,,,,,
,,,,,,,,,,,,,,,,,,,,,,,,,,,,,,,,,,,
,,,,,,,,,,,,,,,,,,,,,,,,,,,,,,,,,,,
,,,,,,,,,,,,,,,,,,,,,,,,,,,,,,,,,,,
,,,,,,,,,,,,,,,,,,,,,,,,,,,,,,,,,,,
,,,,,,,,,,,,,,,,,,,,,,,,,,,,,,,,,,,
,,,,,,,,,,,,,,,,,,,,,,,,,,,,,,,,,,,
,,,,,,,,,,,,,,,,,,,,,,,,,,,,,,,,,,,
,,,,,,,,,,,,,,,,,,,,,,,,,,,,,,,,,,,
,,,,,,,,,,,,,,,,,,,,,,,,,,,,,,,,,,,
,,,,,,,,,,,,,,,,,,,,,,,,,,,,,,,,,,,
,,,,,,,,,,,,,,,,,,,,,,,,,,,,,,,,,,,
,,,,,,,,,,,,,,,,,,,,,,,,,,,,,,,,,,,
,,,,,,,,,,,,,,,,,,,,,,,,,,,,,,,,,,,
2025 Statistics,,,,,,,,,,,,,,,,,,,,,,,,,,,,,,,,,,,
Highest Monthly Average Rating,0,,,,,,,,,,,,,,,,,,,,,,,,,,,,,,,,,,
Most Films Watched in a Month,0,,,,,,,,,,,,,,,,,,,,,,,,,,,,,,,,,,
Average Overall Rating,0,,,,,,,,,,,,,,,,,,,,,,,,,,,,,,,,,,
Average Movies Per Month,0,,,,,,,,,,,,,,,,,,,,,,,,,,,,,,,,,,
Total Unique Films Watched,0,,,,,,,,,,,,,,,,,,,,,,,,,,,,,,,,,,
Total Films Watched,0,,,,,,,,,,,,,,,,,,,,,,,,,,,,,,,,,,
5 Star Ratings This Year,0,,,,,,,,,,,,,,,,,,,,,,,,,,,,,,,,,,
Movies Released This Year,0,,,,,,,,,,,,,,,,,,,,,,,,,,,,,,,,,,
Must Watches Completed from This Year,0,,,,,,,,,,,,,,,,,,,,,,,,,,,,,,,,,,
Movies Rewatched for the First Time on LB,0,,,,,,,,,,,,,,,,,,,,,,,,,,,,,,,,,,
Movies Watched More Than Once,0,,,,,,,,,,,,,,,,,,,,,,,,,,,,,,,,,,
Movies Rewatched in Previous Years,0,,,,,,,,,,,,,,,,,,,,,,,,,,,,,,,,,,
Total Rewatches,0,,,,,,,,,,,,,,,,,,,,,,,,,,,,,,,,,,
Total Unique Movies Watched on Letterboxd,793,,,,,,,,,,,,,,,,,,,,,,,,,,,,,,,,,,
Total Movies Recorded on Letterboxd,903,,,,,,,,,,,,,,,,,,,,,,,,,,,,,,,,,,
,,,,,,,,,,,,,,,,,,,,,,,,,,,,,,,,,,,
0,,,0,,,0,,,0,,,0,,,0,,,0,,,0,,,0,,,0,,,0,,,0,,
,,,,,,,,,,,,,,,,,,,,,,,,,,,,,,,,,,,
,,,,,,,,,,,,,,,,,,,,,,,,,,,,,,,,,,,
,,,,,,,,,,,,,,,,,,,,,,,,,,,,,,,,,,,
,,,,,,,,,,,,,,,,,,,,,,,,,,,,,,,,,,,
,,,,,,,,,,,,,,,,,,,,,,,,,,,,,,,,,,,
,,,,,,,,,,,,,,,,,,,,,,,,,,,,,,,,,,,
,,,,,,,,,,,,,,,,,,,,,,,,,,,,,,,,,,,
,,,,,,,,,,,,,,,,,,,,,,,,,,,,,,,,,,,
,,,,,,,,,,,,,,,,,,,,,,,,,,,,,,,,,,,
,,,,,,,,,,,,,,,,,,,,,,,,,,,,,,,,,,,
,,,,,,,,,,,,,,,,,,,,,,,,,,,,,,,,,,,
,,,,,,,,,,,,,,,,,,,,,,,,,,,,,,,,,,,
,,,,,,,,,,,,,,,,,,,,,,,,,,,,,,,,,,,
,,,,,,,,,,,,,,,,,,,,,,,,,,,,,,,,,,,
,,,,,,,,,,,,,,,,,,,,,,,,,,,,,,,,,,,
,,,,,,,,,,,,,,,,,,,,,,,,,,,,,,,,,,,
,,,,,,,,,,,,,,,,,,,,,,,,,,,,,,,,,,,
,,,,,,,,,,,,,,,,,,,,,,,,,,,,,,,,,,,
,,,,,,,,,,,,,,,,,,,,,,,,,,,,,,,,,,,
,,,,,,,,,,,,,,,,,,,,,,,,,,,,,,,,,,,
,,,,,,,,,,,,,,,,,,,,,,,,,,,,,,,,,,,
,,,,,,,,,,,,,,,,,,,,,,,,,,,,,,,,,,,
,,,,,,,,,,,,,,,,,,,,,,,,,,,,,,,,,,,
,,,,,,,,,,,,,,,,,,,,,,,,,,,,,,,,,,,
,,,,,,,,,,,,,,,,,,,,,,,,,,,,,,,,,,,
,,,,,,,,,,,,,,,,,,,,,,,,,,,,,,,,,,,
,,,,,,,,,,,,,,,,,,,,,,,,,,,,,,,,,,,
,,,,,,,,,,,,,,,,,,,,,,,,,,,,,,,,,,,
,,,,,,,,,,,,,,,,,,,,,,,,,,,,,,,,,,,
,,,,,,,,,,,,,,,,,,,,,,,,,,,,,,,,,,,
,,,,,,,,,,,,,,,,,,,,,,,,,,,,,,,,,,,
,,,,,,,,,,,,,,,,,,,,,,,,,,,,,,,,,,,
,,,,,,,,,,,,,,,,,,,,,,,,,,,,,,,,,,,
,,,,,,,,,,,,,,,,,,,,,,,,,,,,,,,,,,,
,,,,,,,,,,,,,,,,,,,,,,,,,,,,,,,,,,,
,,,,,,,,,,,,,,,,,,,,,,,,,,,,,,,,,,,
,,,,,,,,,,,,,,,,,,,,,,,,,,,,,,,,,,,
,,,,,,,,,,,,,,,,,,,,,,,,,,,,,,,,,,,
,,,,,,,,,,,,,,,,,,,,,,,,,,,,,,,,,,,
,,,,,,,,,,,,,,,,,,,,,,,,,,,,,,,,,,,
,,,,,,,,,,,,,,,,,,,,,,,,,,,,,,,,,,,
,,,,,,,,,,,,,,,,,,,,,,,,,,,,,,,,,,,
,,,,,,,,,,,,,,,,,,,,,,,,,,,,,,,,,,,
,,,,,,,,,,,,,,,,,,,,,,,,,,,,,,,,,,,
,,,,,,,,,,,,,,,,,,,,,,,,,,,,,,,,,,,
,,,,,,,,,,,,,,,,,,,,,,,,,,,,,,,,,,,
,,,,,,,,,,,,,,,,,,,,,,,,,,,,,,,,,,,
,,,,,,,,,,,,,,,,,,,,,,,,,,,,,,,,,,,
,,,,,,,,,,,,,,,,,,,,,,,,,,,,,,,,,,,
,,,,,,,,,,,,,,,,,,,,,,,,,,,,,,,,,,,
,,,,,,,,,,,,,,,,,,,,,,,,,,,,,,,,,,,
,,,,,,,,,,,,,,,,,,,,,,,,,,,,,,,,,,,
,,,,,,,,,,,,,,,,,,,,,,,,,,,,,,,,,,,
,,,,,,,,,,,,,,,,,,,,,,,,,,,,,,,,,,,
,,,,,,,,,,,,,,,,,,,,,,,,,,,,,,,,,,,
,,,,,,,,,,,,,,,,,,,,,,,,,,,,,,,,,,,
,,,,,,,,,,,,,,,,,,,,,,,,,,,,,,,,,,,
,,,,,,,,,,,,,,,,,,,,,,,,,,,,,,,,,,,
,,,,,,,,,,,,,,,,,,,,,,,,,,,,,,,,,,,
,,,,,,,,,,,,,,,,,,,,,,,,,,,,,,,,,,,
,,,,,,,,,,,,,,,,,,,,,,,,,,,,,,,,,,,
,,,,,,,,,,,,,,,,,,,,,,,,,,,,,,,,,,,
,,,,,,,,,,,,,,,,,,,,,,,,,,,,,,,,,,,
,,,,,,,,,,,,,,,,,,,,,,,,,,,,,,,,,,,
,,,,,,,,,,,,,,,,,,,,,,,,,,,,,,,,,,,
,,,,,,,,,,,,,,,,,,,,,,,,,,,,,,,,,,,
,,,,,,,,,,,,,,,,,,,,,,,,,,,,,,,,,,,
,,,,,,,,,,,,,,,,,,,,,,,,,,,,,,,,,,,
,,,,,,,,,,,,,,,,,,,,,,,,,,,,,,,,,,,
,,,,,,,,,,,,,,,,,,,,,,,,,,,,,,,,,,,
,,,,,,,,,,,,,,,,,,,,,,,,,,,,,,,,,,,
,,,,,,,,,,,,,,,,,,,,,,,,,,,,,,,,,,,
,,,,,,,,,,,,,,,,,,,,,,,,,,,,,,,,,,,
,,,,,,,,,,,,,,,,,,,,,,,,,,,,,,,,,,,
,,,,,,,,,,,,,,,,,,,,,,,,,,,,,,,,,,,
,,,,,,,,,,,,,,,,,,,,,,,,,,,,,,,,,,,
,,,,,,,,,,,,,,,,,,,,,,,,,,,,,,,,,,,
,,,,,,,,,,,,,,,,,,,,,,,,,,,,,,,,,,,
,,,,,,,,,,,,,,,,,,,,,,,,,,,,,,,,,,,
,,,,,,,,,,,,,,,,,,,,,,,,,,,,,,,,,,,
,,,,,,,,,,,,,,,,,,,,,,,,,,,,,,,,,,,
,,,,,,,,,,,,,,,,,,,,,,,,,,,,,,,,,,,
,,,,,,,,,,,,,,,,,,,,,,,,,,,,,,,,,,,
,,,,,,,,,,,,,,,,,,,,,,,,,,,,,,,,,,,
,,,,,,,,,,,,,,,,,,,,,,,,,,,,,,,,,,,
,,,,,,,,,,,,,,,,,,,,,,,,,,,,,,,,,,,
,,,,,,,,,,,,,,,,,,,,,,,,,,,,,,,,,,,
,,,,,,,,,,,,,,,,,,,,,,,,,,,,,,,,,,,
,,,,,,,,,,,,,,,,,,,,,,,,,,,,,,,,,,,
,,,,,,,,,,,,,,,,,,,,,,,,,,,,,,,,,,,
,,,,,,,,,,,,,,,,,,,,,,,,,,,,,,,,,,,
,,,,,,,,,,,,,,,,,,,,,,,,,,,,,,,,,,,
,,,,,,,,,,,,,,,,,,,,,,,,,,,,,,,,,,,
,,,,,,,,,,,,,,,,,,,,,,,,,,,,,,,,,,,
,,,,,,,,,,,,,,,,,,,,,,,,,,,,,,,,,,,
,,,,,,,,,,,,,,,,,,,,,,,,,,,,,,,,,,,
,,,,,,,,,,,,,,,,,,,,,,,,,,,,,,,,,,,
,,,,,,,,,,,,,,,,,,,,,,,,,,,,,,,,,,,
,,,,,,,,,,,,,,,,,,,,,,,,,,,,,,,,,,,
,,,,,,,,,,,,,,,,,,,,,,,,,,,,,,,,,,,
,,,,,,,,,,,,,,,,,,,,,,,,,,,,,,,,,,,
,,,,,,,,,,,,,,,,,,,,,,,,,,,,,,,,,,,
,,,,,,,,,,,,,,,,,,,,,,,,,,,,,,,,,,,
,,,,,,,,,,,,,,,,,,,,,,,,,,,,,,,,,,,
,,,,,,,,,,,,,,,,,,,,,,,,,,,,,,,,,,,
,,,,,,,,,,,,,,,,,,,,,,,,,,,,,,,,,,,
,,,,,,,,,,,,,,,,,,,,,,,,,,,,,,,,,,,
,,,,,,,,,,,,,,,,,,,,,,,,,,,,,,,,,,,
,,,,,,,,,,,,,,,,,,,,,,,,,,,,,,,,,,,
,,,,,,,,,,,,,,,,,,,,,,,,,,,,,,,,,,,
,,,,,,,,,,,,,,,,,,,,,,,,,,,,,,,,,,,
,,,,,,,,,,,,,,,,,,,,,,,,,,,,,,,,,,,
,,,,,,,,,,,,,,,,,,,,,,,,,,,,,,,,,,,
,,,,,,,,,,,,,,,,,,,,,,,,,,,,,,,,,,,
,,,,,,,,,,,,,,,,,,,,,,,,,,,,,,,,,,,
,,,,,,,,,,,,,,,,,,,,,,,,,,,,,,,,,,,
,,,,,,,,,,,,,,,,,,,,,,,,,,,,,,,,,,,
,,,,,,,,,,,,,,,,,,,,,,,,,,,,,,,,,,,
,,,,,,,,,,,,,,,,,,,,,,,,,,,,,,,,,,,
,,,,,,,,,,,,,,,,,,,,,,,,,,,,,,,,,,,
,,,,,,,,,,,,,,,,,,,,,,,,,,,,,,,,,,,
,,,,,,,,,,,,,,,,,,,,,,,,,,,,,,,,,,,
,,,,,,,,,,,,,,,,,,,,,,,,,,,,,,,,,,,
,,,,,,,,,,,,,,,,,,,,,,,,,,,,,,,,,,,
,,,,,,,,,,,,,,,,,,,,,,,,,,,,,,,,,,,
,,,,,,,,,,,,,,,,,,,,,,,,,,,,,,,,,,,
,,,,,,,,,,,,,,,,,,,,,,,,,,,,,,,,,,,
,,,,,,,,,,,,,,,,,,,,,,,,,,,,,,,,,,,
,,,,,,,,,,,,,,,,,,,,,,,,,,,,,,,,,,,
,,,,,,,,,,,,,,,,,,,,,,,,,,,,,,,,,,,
,,,,,,,,,,,,,,,,,,,,,,,,,,,,,,,,,,,
,,,,,,,,,,,,,,,,,,,,,,,,,,,,,,,,,,,
,,,,,,,,,,,,,,,,,,,,,,,,,,,,,,,,,,,
,,,,,,,,,,,,,,,,,,,,,,,,,,,,,,,,,,,
,,,,,,,,,,,,,,,,,,,,,,,,,,,,,,,,,,,
,,,,,,,,,,,,,,,,,,,,,,,,,,,,,,,,,,,
,,,,,,,,,,,,,,,,,,,,,,,,,,,,,,,,,,,
,,,,,,,,,,,,,,,,,,,,,,,,,,,,,,,,,,,
,,,,,,,,,,,,,,,,,,,,,,,,,,,,,,,,,,,
,,,,,,,,,,,,,,,,,,,,,,,,,,,,,,,,,,,
,,,,,,,,,,,,,,,,,,,,,,,,,,,,,,,,,,,
,,,,,,,,,,,,,,,,,,,,,,,,,,,,,,,,,,,
,,,,,,,,,,,,,,,,,,,,,,,,,,,,,,,,,,,
,,,,,,,,,,,,,,,,,,,,,,,,,,,,,,,,,,,
,,,,,,,,,,,,,,,,,,,,,,,,,,,,,,,,,,,
,,,,,,,,,,,,,,,,,,,,,,,,,,,,,,,,,,,
,,,,,,,,,,,,,,,,,,,,,,,,,,,,,,,,,,,
,,,,,,,,,,,,,,,,,,,,,,,,,,,,,,,,,,,
,,,,,,,,,,,,,,,,,,,,,,,,,,,,,,,,,,,
,,,,,,,,,,,,,,,,,,,,,,,,,,,,,,,,,,,
,,,,,,,,,,,,,,,,,,,,,,,,,,,,,,,,,,,
,,,,,,,,,,,,,,,,,,,,,,,,,,,,,,,,,,,
,,,,,,,,,,,,,,,,,,,,,,,,,,,,,,,,,,,
,,,,,,,,,,,,,,,,,,,,,,,,,,,,,,,,,,,
,,,,,,,,,,,,,,,,,,,,,,,,,,,,,,,,,,,
,,,,,,,,,,,,,,,,,,,,,,,,,,,,,,,,,,,
,,,,,,,,,,,,,,,,,,,,,,,,,,,,,,,,,,,
,,,,,,,,,,,,,,,,,,,,,,,,,,,,,,,,,,,
,,,,,,,,,,,,,,,,,,,,,,,,,,,,,,,,,,,
,,,,,,,,,,,,,,,,,,,,,,,,,,,,,,,,,,,
,,,,,,,,,,,,,,,,,,,,,,,,,,,,,,,,,,,
,,,,,,,,,,,,,,,,,,,,,,,,,,,,,,,,,,,
,,,,,,,,,,,,,,,,,,,,,,,,,,,,,,,,,,,
,,,,,,,,,,,,,,,,,,,,,,,,,,,,,,,,,,,
,,,,,,,,,,,,,,,,,,,,,,,,,,,,,,,,,,,
,,,,,,,,,,,,,,,,,,,,,,,,,,,,,,,,,,,
,,,,,,,,,,,,,,,,,,,,,,,,,,,,,,,,,,,
,,,,,,,,,,,,,,,,,,,,,,,,,,,,,,,,,,,
,,,,,,,,,,,,,,,,,,,,,,,,,,,,,,,,,,,
,,,,,,,,,,,,,,,,,,,,,,,,,,,,,,,,,,,
,,,,,,,,,,,,,,,,,,,,,,,,,,,,,,,,,,,
,,,,,,,,,,,,,,,,,,,,,,,,,,,,,,,,,,,
,,,,,,,,,,,,,,,,,,,,,,,,,,,,,,,,,,,
,,,,,,,,,,,,,,,,,,,,,,,,,,,,,,,,,,,
,,,,,,,,,,,,,,,,,,,,,,,,,,,,,,,,,,,
,,,,,,,,,,,,,,,,,,,,,,,,,,,,,,,,,,,
,,,,,,,,,,,,,,,,,,,,,,,,,,,,,,,,,,,
,,,,,,,,,,,,,,,,,,,,,,,,,,,,,,,,,,,
,,,,,,,,,,,,,,,,,,,,,,,,,,,,,,,,,,,
,,,,,,,,,,,,,,,,,,,,,,,,,,,,,,,,,,,
,,,,,,,,,,,,,,,,,,,,,,,,,,,,,,,,,,,
,,,,,,,,,,,,,,,,,,,,,,,,,,,,,,,,,,,
,,,,,,,,,,,,,,,,,,,,,,,,,,,,,,,,,,,
,,,,,,,,,,,,,,,,,,,,,,,,,,,,,,,,,,,
,,,,,,,,,,,,,,,,,,,,,,,,,,,,,,,,,,,
,,,,,,,,,,,,,,,,,,,,,,,,,,,,,,,,,,,
,,,,,,,,,,,,,,,,,,,,,,,,,,,,,,,,,,,
,,,,,,,,,,,,,,,,,,,,,,,,,,,,,,,,,,,
,,,,,,,,,,,,,,,,,,,,,,,,,,,,,,,,,,,
,,,,,,,,,,,,,,,,,,,,,,,,,,,,,,,,,,,
,,,,,,,,,,,,,,,,,,,,,,,,,,,,,,,,,,,
,,,,,,,,,,,,,,,,,,,,,,,,,,,,,,,,,,,
,,,,,,,,,,,,,,,,,,,,,,,,,,,,,,,,,,,
,,,,,,,,,,,,,,,,,,,,,,,,,,,,,,,,,,,
,,,,,,,,,,,,,,,,,,,,,,,,,,,,,,,,,,,
,,,,,,,,,,,,,,,,,,,,,,,,,,,,,,,,,,,
,,,,,,,,,,,,,,,,,,,,,,,,,,,,,,,,,,,
,,,,,,,,,,,,,,,,,,,,,,,,,,,,,,,,,,,
,,,,,,,,,,,,,,,,,,,,,,,,,,,,,,,,,,,
,,,,,,,,,,,,,,,,,,,,,,,,,,,,,,,,,,,
,,,,,,,,,,,,,,,,,,,,,,,,,,,,,,,,,,,
,,,,,,,,,,,,,,,,,,,,,,,,,,,,,,,,,,,
,,,,,,,,,,,,,,,,,,,,,,,,,,,,,,,,,,,
,,,,,,,,,,,,,,,,,,,,,,,,,,,,,,,,,,,
,,,,,,,,,,,,,,,,,,,,,,,,,,,,,,,,,,,
,,,,,,,,,,,,,,,,,,,,,,,,,,,,,,,,,,,
,,,,,,,,,,,,,,,,,,,,,,,,,,,,,,,,,,,
,,,,,,,,,,,,,,,,,,,,,,,,,,,,,,,,,,,
,,,,,,,,,,,,,,,,,,,,,,,,,,,,,,,,,,,
,,,,,,,,,,,,,,,,,,,,,,,,,,,,,,,,,,,
,,,,,,,,,,,,,,,,,,,,,,,,,,,,,,,,,,,
,,,,,,,,,,,,,,,,,,,,,,,,,,,,,,,,,,,
,,,,,,,,,,,,,,,,,,,,,,,,,,,,,,,,,,,
,,,,,,,,,,,,,,,,,,,,,,,,,,,,,,,,,,,
,,,,,,,,,,,,,,,,,,,,,,,,,,,,,,,,,,,
,,,,,,,,,,,,,,,,,,,,,,,,,,,,,,,,,,,
,,,,,,,,,,,,,,,,,,,,,,,,,,,,,,,,,,,
,,,,,,,,,,,,,,,,,,,,,,,,,,,,,,,,,,,
,,,,,,,,,,,,,,,,,,,,,,,,,,,,,,,,,,,
,,,,,,,,,,,,,,,,,,,,,,,,,,,,,,,,,,,
,,,,,,,,,,,,,,,,,,,,,,,,,,,,,,,,,,,
,,,,,,,,,,,,,,,,,,,,,,,,,,,,,,,,,,,
,,,,,,,,,,,,,,,,,,,,,,,,,,,,,,,,,,,
,,,,,,,,,,,,,,,,,,,,,,,,,,,,,,,,,,,
,,,,,,,,,,,,,,,,,,,,,,,,,,,,,,,,,,,
,,,,,,,,,,,,,,,,,,,,,,,,,,,,,,,,,,,
,,,,,,,,,,,,,,,,,,,,,,,,,,,,,,,,,,,
,,,,,,,,,,,,,,,,,,,,,,,,,,,,,,,,,,,
,,,,,,,,,,,,,,,,,,,,,,,,,,,,,,,,,,,
,,,,,,,,,,,,,,,,,,,,,,,,,,,,,,,,,,,
,,,,,,,,,,,,,,,,,,,,,,,,,,,,,,,,,,,
,,,,,,,,,,,,,,,,,,,,,,,,,,,,,,,,,,,
,,,,,,,,,,,,,,,,,,,,,,,,,,,,,,,,,,,
,,,,,,,,,,,,,,,,,,,,,,,,,,,,,,,,,,,
,,,,,,,,,,,,,,,,,,,,,,,,,,,,,,,,,,,
,,,,,,,,,,,,,,,,,,,,,,,,,,,,,,,,,,,
,,,,,,,,,,,,,,,,,,,,,,,,,,,,,,,,,,,
,,,,,,,,,,,,,,,,,,,,,,,,,,,,,,,,,,,
,,,,,,,,,,,,,,,,,,,,,,,,,,,,,,,,,,,
,,,,,,,,,,,,,,,,,,,,,,,,,,,,,,,,,,,
,,,,,,,,,,,,,,,,,,,,,,,,,,,,,,,,,,,
,,,,,,,,,,,,,,,,,,,,,,,,,,,,,,,,,,,
,,,,,,,,,,,,,,,,,,,,,,,,,,,,,,,,,,,
,,,,,,,,,,,,,,,,,,,,,,,,,,,,,,,,,,,
,,,,,,,,,,,,,,,,,,,,,,,,,,,,,,,,,,,
,,,,,,,,,,,,,,,,,,,,,,,,,,,,,,,,,,,
,,,,,,,,,,,,,,,,,,,,,,,,,,,,,,,,,,,
,,,,,,,,,,,,,,,,,,,,,,,,,,,,,,,,,,,
,,,,,,,,,,,,,,,,,,,,,,,,,,,,,,,,,,,
,,,,,,,,,,,,,,,,,,,,,,,,,,,,,,,,,,,
,,,,,,,,,,,,,,,,,,,,,,,,,,,,,,,,,,,
,,,,,,,,,,,,,,,,,,,,,,,,,,,,,,,,,,,
,,,,,,,,,,,,,,,,,,,,,,,,,,,,,,,,,,,
,,,,,,,,,,,,,,,,,,,,,,,,,,,,,,,,,,,
,,,,,,,,,,,,,,,,,,,,,,,,,,,,,,,,,,,
,,,,,,,,,,,,,,,,,,,,,,,,,,,,,,,,,,,
,,,,,,,,,,,,,,,,,,,,,,,,,,,,,,,,,,,
,,,,,,,,,,,,,,,,,,,,,,,,,,,,,,,,,,,
,,,,,,,,,,,,,,,,,,,,,,,,,,,,,,,,,,,
,,,,,,,,,,,,,,,,,,,,,,,,,,,,,,,,,,,
,,,,,,,,,,,,,,,,,,,,,,,,,,,,,,,,,,,
,,,,,,,,,,,,,,,,,,,,,,,,,,,,,,,,,,,
,,,,,,,,,,,,,,,,,,,,,,,,,,,,,,,,,,,
,,,,,,,,,,,,,,,,,,,,,,,,,,,,,,,,,,,
,,,,,,,,,,,,,,,,,,,,,,,,,,,,,,,,,,,
,,,,,,,,,,,,,,,,,,,,,,,,,,,,,,,,,,,
,,,,,,,,,,,,,,,,,,,,,,,,,,,,,,,,,,,
,,,,,,,,,,,,,,,,,,,,,,,,,,,,,,,,,,,
,,,,,,,,,,,,,,,,,,,,,,,,,,,,,,,,,,,
,,,,,,,,,,,,,,,,,,,,,,,,,,,,,,,,,,,
,,,,,,,,,,,,,,,,,,,,,,,,,,,,,,,,,,,
,,,,,,,,,,,,,,,,,,,,,,,,,,,,,,,,,,,
,,,,,,,,,,,,,,,,,,,,,,,,,,,,,,,,,,,
,,,,,,,,,,,,,,,,,,,,,,,,,,,,,,,,,,,
,,,,,,,,,,,,,,,,,,,,,,,,,,,,,,,,,,,
,,,,,,,,,,,,,,,,,,,,,,,,,,,,,,,,,,,
,,,,,,,,,,,,,,,,,,,,,,,,,,,,,,,,,,,
,,,,,,,,,,,,,,,,,,,,,,,,,,,,,,,,,,,
,,,,,,,,,,,,,,,,,,,,,,,,,,,,,,,,,,,
,,,,,,,,,,,,,,,,,,,,,,,,,,,,,,,,,,,
,,,,,,,,,,,,,,,,,,,,,,,,,,,,,,,,,,,
,,,,,,,,,,,,,,,,,,,,,,,,,,,,,,,,,,,
,,,,,,,,,,,,,,,,,,,,,,,,,,,,,,,,,,,
,,,,,,,,,,,,,,,,,,,,,,,,,,,,,,,,,,,
,,,,,,,,,,,,,,,,,,,,,,,,,,,,,,,,,,,
,,,,,,,,,,,,,,,,,,,,,,,,,,,,,,,,,,,
,,,,,,,,,,,,,,,,,,,,,,,,,,,,,,,,,,,
,,,,,,,,,,,,,,,,,,,,,,,,,,,,,,,,,,,
,,,,,,,,,,,,,,,,,,,,,,,,,,,,,,,,,,,
,,,,,,,,,,,,,,,,,,,,,,,,,,,,,,,,,,,
,,,,,,,,,,,,,,,,,,,,,,,,,,,,,,,,,,,
,,,,,,,,,,,,,,,,,,,,,,,,,,,,,,,,,,,
,,,,,,,,,,,,,,,,,,,,,,,,,,,,,,,,,,,
,,,,,,,,,,,,,,,,,,,,,,,,,,,,,,,,,,,
,,,,,,,,,,,,,,,,,,,,,,,,,,,,,,,,,,,
,,,,,,,,,,,,,,,,,,,,,,,,,,,,,,,,,,,
,,,,,,,,,,,,,,,,,,,,,,,,,,,,,,,,,,,
,,,,,,,,,,,,,,,,,,,,,,,,,,,,,,,,,,,
,,,,,,,,,,,,,,,,,,,,,,,,,,,,,,,,,,,
,,,,,,,,,,,,,,,,,,,,,,,,,,,,,,,,,,,
,,,,,,,,,,,,,,,,,,,,,,,,,,,,,,,,,,,
,,,,,,,,,,,,,,,,,,,,,,,,,,,,,,,,,,,
,,,,,,,,,,,,,,,,,,,,,,,,,,,,,,,,,,,
,,,,,,,,,,,,,,,,,,,,,,,,,,,,,,,,,,,
,,,,,,,,,,,,,,,,,,,,,,,,,,,,,,,,,,,
,,,,,,,,,,,,,,,,,,,,,,,,,,,,,,,,,,,
,,,,,,,,,,,,,,,,,,,,,,,,,,,,,,,,,,,
,,,,,,,,,,,,,,,,,,,,,,,,,,,,,,,,,,,
,,,,,,,,,,,,,,,,,,,,,,,,,,,,,,,,,,,
,,,,,,,,,,,,,,,,,,,,,,,,,,,,,,,,,,,
,,,,,,,,,,,,,,,,,,,,,,,,,,,,,,,,,,,
,,,,,,,,,,,,,,,,,,,,,,,,,,,,,,,,,,,
,,,,,,,,,,,,,,,,,,,,,,,,,,,,,,,,,,,
,,,,,,,,,,,,,,,,,,,,,,,,,,,,,,,,,,,
,,,,,,,,,,,,,,,,,,,,,,,,,,,,,,,,,,,
,,,,,,,,,,,,,,,,,,,,,,,,,,,,,,,,,,,
,,,,,,,,,,,,,,,,,,,,,,,,,,,,,,,,,,,
,,,,,,,,,,,,,,,,,,,,,,,,,,,,,,,,,,,
,,,,,,,,,,,,,,,,,,,,,,,,,,,,,,,,,,,
,,,,,,,,,,,,,,,,,,,,,,,,,,,,,,,,,,,
,,,,,,,,,,,,,,,,,,,,,,,,,,,,,,,,,,,
,,,,,,,,,,,,,,,,,,,,,,,,,,,,,,,,,,,
,,,,,,,,,,,,,,,,,,,,,,,,,,,,,,,,,,,
,,,,,,,,,,,,,,,,,,,,,,,,,,,,,,,,,,,
,,,,,,,,,,,,,,,,,,,,,,,,,,,,,,,,,,,
,,,,,,,,,,,,,,,,,,,,,,,,,,,,,,,,,,,
,,,,,,,,,,,,,,,,,,,,,,,,,,,,,,,,,,,
,,,,,,,,,,,,,,,,,,,,,,,,,,,,,,,,,,,
,,,,,,,,,,,,,,,,,,,,,,,,,,,,,,,,,,,
,,,,,,,,,,,,,,,,,,,,,,,,,,,,,,,,,,,
,,,,,,,,,,,,,,,,,,,,,,,,,,,,,,,,,,,
,,,,,,,,,,,,,,,,,,,,,,,,,,,,,,,,,,,
,,,,,,,,,,,,,,,,,,,,,,,,,,,,,,,,,,,
,,,,,,,,,,,,,,,,,,,,,,,,,,,,,,,,,,,
,,,,,,,,,,,,,,,,,,,,,,,,,,,,,,,,,,,
,,,,,,,,,,,,,,,,,,,,,,,,,,,,,,,,,,,
,,,,,,,,,,,,,,,,,,,,,,,,,,,,,,,,,,,
,,,,,,,,,,,,,,,,,,,,,,,,,,,,,,,,,,,
,,,,,,,,,,,,,,,,,,,,,,,,,,,,,,,,,,,
,,,,,,,,,,,,,,,,,,,,,,,,,,,,,,,,,,,
,,,,,,,,,,,,,,,,,,,,,,,,,,,,,,,,,,,
,,,,,,,,,,,,,,,,,,,,,,,,,,,,,,,,,,,
,,,,,,,,,,,,,,,,,,,,,,,,,,,,,,,,,,,
,,,,,,,,,,,,,,,,,,,,,,,,,,,,,,,,,,,
,,,,,,,,,,,,,,,,,,,,,,,,,,,,,,,,,,,
,,,,,,,,,,,,,,,,,,,,,,,,,,,,,,,,,,,
,,,,,,,,,,,,,,,,,,,,,,,,,,,,,,,,,,,
,,,,,,,,,,,,,,,,,,,,,,,,,,,,,,,,,,,
,,,,,,,,,,,,,,,,,,,,,,,,,,,,,,,,,,,
,,,,,,,,,,,,,,,,,,,,,,,,,,,,,,,,,,,
,,,,,,,,,,,,,,,,,,,,,,,,,,,,,,,,,,,
,,,,,,,,,,,,,,,,,,,,,,,,,,,,,,,,,,,
,,,,,,,,,,,,,,,,,,,,,,,,,,,,,,,,,,,
,,,,,,,,,,,,,,,,,,,,,,,,,,,,,,,,,,,
,,,,,,,,,,,,,,,,,,,,,,,,,,,,,,,,,,,
,,,,,,,,,,,,,,,,,,,,,,,,,,,,,,,,,,,
,,,,,,,,,,,,,,,,,,,,,,,,,,,,,,,,,,,
,,,,,,,,,,,,,,,,,,,,,,,,,,,,,,,,,,,
,,,,,,,,,,,,,,,,,,,,,,,,,,,,,,,,,,,
,,,,,,,,,,,,,,,,,,,,,,,,,,,,,,,,,,,
,,,,,,,,,,,,,,,,,,,,,,,,,,,,,,,,,,,
,,,,,,,,,,,,,,,,,,,,,,,,,,,,,,,,,,,
,,,,,,,,,,,,,,,,,,,,,,,,,,,,,,,,,,,
,,,,,,,,,,,,,,,,,,,,,,,,,,,,,,,,,,,
,,,,,,,,,,,,,,,,,,,,,,,,,,,,,,,,,,,
,,,,,,,,,,,,,,,,,,,,,,,,,,,,,,,,,,,
,,,,,,,,,,,,,,,,,,,,,,,,,,,,,,,,,,,
,,,,,,,,,,,,,,,,,,,,,,,,,,,,,,,,,,,
,,,,,,,,,,,,,,,,,,,,,,,,,,,,,,,,,,,
,,,,,,,,,,,,,,,,,,,,,,,,,,,,,,,,,,,
,,,,,,,,,,,,,,,,,,,,,,,,,,,,,,,,,,,
,,,,,,,,,,,,,,,,,,,,,,,,,,,,,,,,,,,
,,,,,,,,,,,,,,,,,,,,,,,,,,,,,,,,,,,
,,,,,,,,,,,,,,,,,,,,,,,,,,,,,,,,,,,
,,,,,,,,,,,,,,,,,,,,,,,,,,,,,,,,,,,
,,,,,,,,,,,,,,,,,,,,,,,,,,,,,,,,,,,
,,,,,,,,,,,,,,,,,,,,,,,,,,,,,,,,,,,
,,,,,,,,,,,,,,,,,,,,,,,,,,,,,,,,,,,
,,,,,,,,,,,,,,,,,,,,,,,,,,,,,,,,,,,
,,,,,,,,,,,,,,,,,,,,,,,,,,,,,,,,,,,
,,,,,,,,,,,,,,,,,,,,,,,,,,,,,,,,,,,
,,,,,,,,,,,,,,,,,,,,,,,,,,,,,,,,,,,
,,,,,,,,,,,,,,,,,,,,,,,,,,,,,,,,,,,
,,,,,,,,,,,,,,,,,,,,,,,,,,,,,,,,,,,
,,,,,,,,,,,,,,,,,,,,,,,,,,,,,,,,,,,
,,,,,,,,,,,,,,,,,,,,,,,,,,,,,,,,,,,
,,,,,,,,,,,,,,,,,,,,,,,,,,,,,,,,,,,
,,,,,,,,,,,,,,,,,,,,,,,,,,,,,,,,,,,
,,,,,,,,,,,,,,,,,,,,,,,,,,,,,,,,,,,
,,,,,,,,,,,,,,,,,,,,,,,,,,,,,,,,,,,
,,,,,,,,,,,,,,,,,,,,,,,,,,,,,,,,,,,
,,,,,,,,,,,,,,,,,,,,,,,,,,,,,,,,,,,
,,,,,,,,,,,,,,,,,,,,,,,,,,,,,,,,,,,
,,,,,,,,,,,,,,,,,,,,,,,,,,,,,,,,,,,
,,,,,,,,,,,,,,,,,,,,,,,,,,,,,,,,,,,
,,,,,,,,,,,,,,,,,,,,,,,,,,,,,,,,,,,
,,,,,,,,,,,,,,,,,,,,,,,,,,,,,,,,,,,
,,,,,,,,,,,,,,,,,,,,,,,,,,,,,,,,,,,
,,,,,,,,,,,,,,,,,,,,,,,,,,,,,,,,,,,
,,,,,,,,,,,,,,,,,,,,,,,,,,,,,,,,,,,
,,,,,,,,,,,,,,,,,,,,,,,,,,,,,,,,,,,
,,,,,,,,,,,,,,,,,,,,,,,,,,,,,,,,,,,
,,,,,,,,,,,,,,,,,,,,,,,,,,,,,,,,,,,
,,,,,,,,,,,,,,,,,,,,,,,,,,,,,,,,,,,
,,,,,,,,,,,,,,,,,,,,,,,,,,,,,,,,,,,
,,,,,,,,,,,,,,,,,,,,,,,,,,,,,,,,,,,
,,,,,,,,,,,,,,,,,,,,,,,,,,,,,,,,,,,
,,,,,,,,,,,,,,,,,,,,,,,,,,,,,,,,,,,
,,,,,,,,,,,,,,,,,,,,,,,,,,,,,,,,,,,
,,,,,,,,,,,,,,,,,,,,,,,,,,,,,,,,,,,
,,,,,,,,,,,,,,,,,,,,,,,,,,,,,,,,,,,
,,,,,,,,,,,,,,,,,,,,,,,,,,,,,,,,,,,
,,,,,,,,,,,,,,,,,,,,,,,,,,,,,,,,,,,
,,,,,,,,,,,,,,,,,,,,,,,,,,,,,,,,,,,
,,,,,,,,,,,,,,,,,,,,,,,,,,,,,,,,,,,
,,,,,,,,,,,,,,,,,,,,,,,,,,,,,,,,,,,
,,,,,,,,,,,,,,,,,,,,,,,,,,,,,,,,,,,
,,,,,,,,,,,,,,,,,,,,,,,,,,,,,,,,,,,
,,,,,,,,,,,,,,,,,,,,,,,,,,,,,,,,,,,
,,,,,,,,,,,,,,,,,,,,,,,,,,,,,,,,,,,
,,,,,,,,,,,,,,,,,,,,,,,,,,,,,,,,,,,
,,,,,,,,,,,,,,,,,,,,,,,,,,,,,,,,,,,
,,,,,,,,,,,,,,,,,,,,,,,,,,,,,,,,,,,
,,,,,,,,,,,,,,,,,,,,,,,,,,,,,,,,,,,
,,,,,,,,,,,,,,,,,,,,,,,,,,,,,,,,,,,
,,,,,,,,,,,,,,,,,,,,,,,,,,,,,,,,,,,
,,,,,,,,,,,,,,,,,,,,,,,,,,,,,,,,,,,
,,,,,,,,,,,,,,,,,,,,,,,,,,,,,,,,,,,
,,,,,,,,,,,,,,,,,,,,,,,,,,,,,,,,,,,
,,,,,,,,,,,,,,,,,,,,,,,,,,,,,,,,,,,
,,,,,,,,,,,,,,,,,,,,,,,,,,,,,,,,,,,
,,,,,,,,,,,,,,,,,,,,,,,,,,,,,,,,,,,
,,,,,,,,,,,,,,,,,,,,,,,,,,,,,,,,,,,
,,,,,,,,,,,,,,,,,,,,,,,,,,,,,,,,,,,
,,,,,,,,,,,,,,,,,,,,,,,,,,,,,,,,,,,
,,,,,,,,,,,,,,,,,,,,,,,,,,,,,,,,,,,
,,,,,,,,,,,,,,,,,,,,,,,,,,,,,,,,,,,
,,,,,,,,,,,,,,,,,,,,,,,,,,,,,,,,,,,
,,,,,,,,,,,,,,,,,,,,,,,,,,,,,,,,,,,
,,,,,,,,,,,,,,,,,,,,,,,,,,,,,,,,,,,
,,,,,,,,,,,,,,,,,,,,,,,,,,,,,,,,,,,
,,,,,,,,,,,,,,,,,,,,,,,,,,,,,,,,,,,
,,,,,,,,,,,,,,,,,,,,,,,,,,,,,,,,,,,
,,,,,,,,,,,,,,,,,,,,,,,,,,,,,,,,,,,
,,,,,,,,,,,,,,,,,,,,,,,,,,,,,,,,,,,
,,,,,,,,,,,,,,,,,,,,,,,,,,,,,,,,,,,
,,,,,,,,,,,,,,,,,,,,,,,,,,,,,,,,,,,
,,,,,,,,,,,,,,,,,,,,,,,,,,,,,,,,,,,
,,,,,,,,,,,,,,,,,,,,,,,,,,,,,,,,,,,
,,,,,,,,,,,,,,,,,,,,,,,,,,,,,,,,,,,
,,,,,,,,,,,,,,,,,,,,,,,,,,,,,,,,,,,
,,,,,,,,,,,,,,,,,,,,,,,,,,,,,,,,,,,
,,,,,,,,,,,,,,,,,,,,,,,,,,,,,,,,,,,
,,,,,,,,,,,,,,,,,,,,,,,,,,,,,,,,,,,
,,,,,,,,,,,,,,,,,,,,,,,,,,,,,,,,,,,
,,,,,,,,,,,,,,,,,,,,,,,,,,,,,,,,,,,
,,,,,,,,,,,,,,,,,,,,,,,,,,,,,,,,,,,
,,,,,,,,,,,,,,,,,,,,,,,,,,,,,,,,,,,
,,,,,,,,,,,,,,,,,,,,,,,,,,,,,,,,,,,
,,,,,,,,,,,,,,,,,,,,,,,,,,,,,,,,,,,
,,,,,,,,,,,,,,,,,,,,,,,,,,,,,,,,,,,
,,,,,,,,,,,,,,,,,,,,,,,,,,,,,,,,,,,
,,,,,,,,,,,,,,,,,,,,,,,,,,,,,,,,,,,
,,,,,,,,,,,,,,,,,,,,,,,,,,,,,,,,,,,
,,,,,,,,,,,,,,,,,,,,,,,,,,,,,,,,,,,
,,,,,,,,,,,,,,,,,,,,,,,,,,,,,,,,,,,
,,,,,,,,,,,,,,,,,,,,,,,,,,,,,,,,,,,
,,,,,,,,,,,,,,,,,,,,,,,,,,,,,,,,,,,
,,,,,,,,,,,,,,,,,,,,,,,,,,,,,,,,,,,
,,,,,,,,,,,,,,,,,,,,,,,,,,,,,,,,,,,
,,,,,,,,,,,,,,,,,,,,,,,,,,,,,,,,,,,
,,,,,,,,,,,,,,,,,,,,,,,,,,,,,,,,,,,
,,,,,,,,,,,,,,,,,,,,,,,,,,,,,,,,,,,
,,,,,,,,,,,,,,,,,,,,,,,,,,,,,,,,,,,
,,,,,,,,,,,,,,,,,,,,,,,,,,,,,,,,,,,
,,,,,,,,,,,,,,,,,,,,,,,,,,,,,,,,,,,
,,,,,,,,,,,,,,,,,,,,,,,,,,,,,,,,,,,
,,,,,,,,,,,,,,,,,,,,,,,,,,,,,,,,,,,
,,,,,,,,,,,,,,,,,,,,,,,,,,,,,,,,,,,